"Latent_Trait_Order","Latent_Trait","Algorithm","value"
1,-1.41895742022894,"LCG-Glucose-free",0.334224598930481
1,-1.41895742022894,"Chuffed-free",0.0820748522652659
1,-1.41895742022894,"OR-Tools-free",0.00428018062362232
1,-1.41895742022894,"MZN/SCIP-free",0.00444020158515197
1,-1.41895742022894,"iZplus-free",0.102522042239081
1,-1.41895742022894,"MZN/CPLEX-free",0.00175517425369991
1,-1.41895742022894,"Gecode-free",0.00202642047008902
1,-1.41895742022894,"SICStus-Prolog-fd",0.00134880138764687
1,-1.41895742022894,"MZN/Cbc-free",8.33263894675444e-05
1,-1.41895742022894,"Concrete-free",8.33263894675444e-05
1,-1.41895742022894,"HaifaCSP-free",0.00943378426822136
1,-1.41895742022894,"G12FD-free",0.000930903674742256
1,-1.41895742022894,"Mistral-free",0.130770236694128
1,-1.41895742022894,"MinisatID-free",0.0370109922647026
1,-1.41895742022894,"Picat-SAT-free",0.0476417341591234
1,-1.41895742022894,"Picat-CP-fd",8.33263894675444e-05
1,-1.41895742022894,"LCG-Glucose-UC-free",0.251445813427206
1,-1.41895742022894,"MZN/Gurobi-free",0.00101068393992899
1,-1.41895742022894,"Choco-free",0.00466520179330357
1,-1.41895742022894,"JaCoP-fd",0.00117010521586101
2,-1.35121702865788,"LCG-Glucose-free",0.434593654932638
2,-1.35121702865788,"Chuffed-free",0.218914185639229
2,-1.35121702865788,"OR-Tools-free",8.33263894675444e-05
2,-1.35121702865788,"MZN/SCIP-free",0.00324088177911446
2,-1.35121702865788,"iZplus-free",0.0869414014953921
2,-1.35121702865788,"MZN/CPLEX-free",0.00190748688602766
2,-1.35121702865788,"Gecode-free",8.33263894675444e-05
2,-1.35121702865788,"SICStus-Prolog-fd",8.33263894675444e-05
2,-1.35121702865788,"MZN/Cbc-free",8.33263894675444e-05
2,-1.35121702865788,"Concrete-free",8.33263894675444e-05
2,-1.35121702865788,"HaifaCSP-free",0.0706863646002686
2,-1.35121702865788,"G12FD-free",8.33263894675444e-05
2,-1.35121702865788,"Mistral-free",8.33263894675444e-05
2,-1.35121702865788,"MinisatID-free",0.0470411139335779
2,-1.35121702865788,"Picat-SAT-free",0.171614896172988
2,-1.35121702865788,"Picat-CP-fd",8.33263894675444e-05
2,-1.35121702865788,"LCG-Glucose-UC-free",0.4359197907585
2,-1.35121702865788,"MZN/Gurobi-free",0.0011286618021343
2,-1.35121702865788,"Choco-free",8.33263894675444e-05
2,-1.35121702865788,"JaCoP-fd",8.33263894675444e-05
3,-1.29447187139471,"LCG-Glucose-free",0.00188831735816848
3,-1.29447187139471,"Chuffed-free",0.011090778018078
3,-1.29447187139471,"OR-Tools-free",8.33263894675444e-05
3,-1.29447187139471,"MZN/SCIP-free",8.33263894675444e-05
3,-1.29447187139471,"iZplus-free",8.33263894675444e-05
3,-1.29447187139471,"MZN/CPLEX-free",8.33263894675444e-05
3,-1.29447187139471,"Gecode-free",0.00394846463952492
3,-1.29447187139471,"SICStus-Prolog-fd",8.33263894675444e-05
3,-1.29447187139471,"MZN/Cbc-free",8.33263894675444e-05
3,-1.29447187139471,"Concrete-free",8.33263894675444e-05
3,-1.29447187139471,"HaifaCSP-free",8.33263894675444e-05
3,-1.29447187139471,"G12FD-free",8.33263894675444e-05
3,-1.29447187139471,"Mistral-free",8.33263894675444e-05
3,-1.29447187139471,"MinisatID-free",8.33263894675444e-05
3,-1.29447187139471,"Picat-SAT-free",0.00300413970451282
3,-1.29447187139471,"Picat-CP-fd",8.33263894675444e-05
3,-1.29447187139471,"LCG-Glucose-UC-free",8.33263894675444e-05
3,-1.29447187139471,"MZN/Gurobi-free",0.00091531086245166
3,-1.29447187139471,"Choco-free",8.33263894675444e-05
3,-1.29447187139471,"JaCoP-fd",0.00298667048960489
4,-1.2603670964793,"LCG-Glucose-free",8.33263894675444e-05
4,-1.2603670964793,"Chuffed-free",8.33263894675444e-05
4,-1.2603670964793,"OR-Tools-free",8.33263894675444e-05
4,-1.2603670964793,"MZN/SCIP-free",0.00099571543647684
4,-1.2603670964793,"iZplus-free",8.33263894675444e-05
4,-1.2603670964793,"MZN/CPLEX-free",0.00223407273694017
4,-1.2603670964793,"Gecode-free",8.33263894675444e-05
4,-1.2603670964793,"SICStus-Prolog-fd",8.33263894675444e-05
4,-1.2603670964793,"MZN/Cbc-free",8.33263894675444e-05
4,-1.2603670964793,"Concrete-free",8.33263894675444e-05
4,-1.2603670964793,"HaifaCSP-free",8.33263894675444e-05
4,-1.2603670964793,"G12FD-free",8.33263894675444e-05
4,-1.2603670964793,"Mistral-free",8.33263894675444e-05
4,-1.2603670964793,"MinisatID-free",8.33263894675444e-05
4,-1.2603670964793,"Picat-SAT-free",8.33263894675444e-05
4,-1.2603670964793,"Picat-CP-fd",8.33263894675444e-05
4,-1.2603670964793,"LCG-Glucose-UC-free",8.33263894675444e-05
4,-1.2603670964793,"MZN/Gurobi-free",0.00406403290241038
4,-1.2603670964793,"Choco-free",8.33263894675444e-05
4,-1.2603670964793,"JaCoP-fd",8.33263894675444e-05
5,-1.22958057099982,"LCG-Glucose-free",0.00549070423772553
5,-1.22958057099982,"Chuffed-free",0.00185854260523068
5,-1.22958057099982,"OR-Tools-free",0.00371673982449555
5,-1.22958057099982,"MZN/SCIP-free",0.00286663551589406
5,-1.22958057099982,"iZplus-free",8.33263894675444e-05
5,-1.22958057099982,"MZN/CPLEX-free",0.00216656556027385
5,-1.22958057099982,"Gecode-free",0.00419619740591076
5,-1.22958057099982,"SICStus-Prolog-fd",0.00131214137536035
5,-1.22958057099982,"MZN/Cbc-free",8.33263894675444e-05
5,-1.22958057099982,"Concrete-free",8.33263894675444e-05
5,-1.22958057099982,"HaifaCSP-free",8.33263894675444e-05
5,-1.22958057099982,"G12FD-free",8.33263894675444e-05
5,-1.22958057099982,"Mistral-free",8.33263894675444e-05
5,-1.22958057099982,"MinisatID-free",8.33263894675444e-05
5,-1.22958057099982,"Picat-SAT-free",8.33263894675444e-05
5,-1.22958057099982,"Picat-CP-fd",8.33263894675444e-05
5,-1.22958057099982,"LCG-Glucose-UC-free",8.33263894675444e-05
5,-1.22958057099982,"MZN/Gurobi-free",0.00414269084341043
5,-1.22958057099982,"Choco-free",0.00340528704867177
5,-1.22958057099982,"JaCoP-fd",0.00134812677784219
6,-1.12663931276735,"LCG-Glucose-free",0.4995004995005
6,-1.12663931276735,"Chuffed-free",0.166030217499585
6,-1.12663931276735,"OR-Tools-free",0.0150572929998645
6,-1.12663931276735,"MZN/SCIP-free",0.00248886853547509
6,-1.12663931276735,"iZplus-free",8.33263894675444e-05
6,-1.12663931276735,"MZN/CPLEX-free",0.00322461022523902
6,-1.12663931276735,"Gecode-free",0.015653371736272
6,-1.12663931276735,"SICStus-Prolog-fd",0.00885888679228568
6,-1.12663931276735,"MZN/Cbc-free",8.33263894675444e-05
6,-1.12663931276735,"Concrete-free",8.33263894675444e-05
6,-1.12663931276735,"HaifaCSP-free",0.0171535413486114
6,-1.12663931276735,"G12FD-free",0.00149764719625468
6,-1.12663931276735,"Mistral-free",0.0208628890928816
6,-1.12663931276735,"MinisatID-free",0.0723065798987708
6,-1.12663931276735,"Picat-SAT-free",0.0675858340091917
6,-1.12663931276735,"Picat-CP-fd",0.00377301539390281
6,-1.12663931276735,"LCG-Glucose-UC-free",0.0971911750413063
6,-1.12663931276735,"MZN/Gurobi-free",0.00387040341214765
6,-1.12663931276735,"Choco-free",0.00981961369639718
6,-1.12663931276735,"JaCoP-fd",0.00878356419467892
7,-1.09107339278814,"LCG-Glucose-free",0.00600618637196312
7,-1.09107339278814,"Chuffed-free",0.0376463501863494
7,-1.09107339278814,"OR-Tools-free",8.33263894675444e-05
7,-1.09107339278814,"MZN/SCIP-free",0.00177953041751343
7,-1.09107339278814,"iZplus-free",0.089349535382416
7,-1.09107339278814,"MZN/CPLEX-free",0.00352338470428232
7,-1.09107339278814,"Gecode-free",8.33263894675444e-05
7,-1.09107339278814,"SICStus-Prolog-fd",8.33263894675444e-05
7,-1.09107339278814,"MZN/Cbc-free",8.33263894675444e-05
7,-1.09107339278814,"Concrete-free",8.33263894675444e-05
7,-1.09107339278814,"HaifaCSP-free",0.100573267625465
7,-1.09107339278814,"G12FD-free",8.33263894675444e-05
7,-1.09107339278814,"Mistral-free",0.0112319166142511
7,-1.09107339278814,"MinisatID-free",8.33263894675444e-05
7,-1.09107339278814,"Picat-SAT-free",0.0141639047052491
7,-1.09107339278814,"Picat-CP-fd",8.33263894675444e-05
7,-1.09107339278814,"LCG-Glucose-UC-free",0.0264802457366804
7,-1.09107339278814,"MZN/Gurobi-free",0.00560868224010769
7,-1.09107339278814,"Choco-free",8.33263894675444e-05
7,-1.09107339278814,"JaCoP-fd",8.33263894675444e-05
8,-1.06089613822073,"LCG-Glucose-free",0.21137180300148
8,-1.06089613822073,"Chuffed-free",0.330469266358229
8,-1.06089613822073,"OR-Tools-free",0.00308462990610387
8,-1.06089613822073,"MZN/SCIP-free",0.00110398793561984
8,-1.06089613822073,"iZplus-free",0.0922849760059062
8,-1.06089613822073,"MZN/CPLEX-free",0.0119344559678247
8,-1.06089613822073,"Gecode-free",0.0223040035686406
8,-1.06089613822073,"SICStus-Prolog-fd",0.0824810293632464
8,-1.06089613822073,"MZN/Cbc-free",8.33263894675444e-05
8,-1.06089613822073,"Concrete-free",8.33263894675444e-05
8,-1.06089613822073,"HaifaCSP-free",0.0202519340597027
8,-1.06089613822073,"G12FD-free",0.00201506462312246
8,-1.06089613822073,"Mistral-free",8.33263894675444e-05
8,-1.06089613822073,"MinisatID-free",0.00527721194338607
8,-1.06089613822073,"Picat-SAT-free",0.0156941523588311
8,-1.06089613822073,"Picat-CP-fd",8.33263894675444e-05
8,-1.06089613822073,"LCG-Glucose-UC-free",0.369549150036955
8,-1.06089613822073,"MZN/Gurobi-free",0.00315764212547207
8,-1.06089613822073,"Choco-free",0.286779466590192
8,-1.06089613822073,"JaCoP-fd",8.33263894675444e-05
9,-1.03107501834736,"LCG-Glucose-free",0.122473974280465
9,-1.03107501834736,"Chuffed-free",0.0501027105566411
9,-1.03107501834736,"OR-Tools-free",8.33263894675444e-05
9,-1.03107501834736,"MZN/SCIP-free",8.33263894675444e-05
9,-1.03107501834736,"iZplus-free",0.00391565675352899
9,-1.03107501834736,"MZN/CPLEX-free",0.00138096369170262
9,-1.03107501834736,"Gecode-free",8.33263894675444e-05
9,-1.03107501834736,"SICStus-Prolog-fd",8.33263894675444e-05
9,-1.03107501834736,"MZN/Cbc-free",8.33263894675444e-05
9,-1.03107501834736,"Concrete-free",8.33263894675444e-05
9,-1.03107501834736,"HaifaCSP-free",0.00616747152170025
9,-1.03107501834736,"G12FD-free",8.33263894675444e-05
9,-1.03107501834736,"Mistral-free",8.33263894675444e-05
9,-1.03107501834736,"MinisatID-free",0.00297297859752708
9,-1.03107501834736,"Picat-SAT-free",0.0090900000909
9,-1.03107501834736,"Picat-CP-fd",8.33263894675444e-05
9,-1.03107501834736,"LCG-Glucose-UC-free",0.187758167480285
9,-1.03107501834736,"MZN/Gurobi-free",8.33263894675444e-05
9,-1.03107501834736,"Choco-free",8.33263894675444e-05
9,-1.03107501834736,"JaCoP-fd",8.33263894675444e-05
10,-1.02143309223229,"LCG-Glucose-free",0.0257334019557386
10,-1.02143309223229,"Chuffed-free",0.150105073551486
10,-1.02143309223229,"OR-Tools-free",8.33263894675444e-05
10,-1.02143309223229,"MZN/SCIP-free",8.33263894675444e-05
10,-1.02143309223229,"iZplus-free",8.33263894675444e-05
10,-1.02143309223229,"MZN/CPLEX-free",0.00390246948268864
10,-1.02143309223229,"Gecode-free",8.33263894675444e-05
10,-1.02143309223229,"SICStus-Prolog-fd",8.33263894675444e-05
10,-1.02143309223229,"MZN/Cbc-free",8.33263894675444e-05
10,-1.02143309223229,"Concrete-free",8.33263894675444e-05
10,-1.02143309223229,"HaifaCSP-free",0.0173154176478737
10,-1.02143309223229,"G12FD-free",8.33263894675444e-05
10,-1.02143309223229,"Mistral-free",8.33263894675444e-05
10,-1.02143309223229,"MinisatID-free",0.00445581171522016
10,-1.02143309223229,"Picat-SAT-free",0.0142025280499929
10,-1.02143309223229,"Picat-CP-fd",8.33263894675444e-05
10,-1.02143309223229,"LCG-Glucose-UC-free",0.199880071956826
10,-1.02143309223229,"MZN/Gurobi-free",0.00533694822626526
10,-1.02143309223229,"Choco-free",8.33263894675444e-05
10,-1.02143309223229,"JaCoP-fd",8.33263894675444e-05
11,-0.935762422999794,"LCG-Glucose-free",0.40551500405515
11,-0.935762422999794,"Chuffed-free",0.40371417036738
11,-0.935762422999794,"OR-Tools-free",0.0498827754776276
11,-0.935762422999794,"MZN/SCIP-free",0.00148451649297824
11,-0.935762422999794,"iZplus-free",0.351493848857645
11,-0.935762422999794,"MZN/CPLEX-free",0.0278287972393833
11,-0.935762422999794,"Gecode-free",0.0595699052838506
11,-0.935762422999794,"SICStus-Prolog-fd",0.015135462388376
11,-0.935762422999794,"MZN/Cbc-free",8.33263894675444e-05
11,-0.935762422999794,"Concrete-free",8.33263894675444e-05
11,-0.935762422999794,"HaifaCSP-free",0.124906320259805
11,-0.935762422999794,"G12FD-free",0.130565347956652
11,-0.935762422999794,"Mistral-free",0.0794533608771651
11,-0.935762422999794,"MinisatID-free",0.138888888888889
11,-0.935762422999794,"Picat-SAT-free",0.164853280580284
11,-0.935762422999794,"Picat-CP-fd",0.0137653828152961
11,-0.935762422999794,"LCG-Glucose-UC-free",0.40371417036738
11,-0.935762422999794,"MZN/Gurobi-free",0.00242232218338432
11,-0.935762422999794,"Choco-free",0.240096038415366
11,-0.935762422999794,"JaCoP-fd",0.0370672399733116
12,-0.900514407320151,"LCG-Glucose-free",8.33263894675444e-05
12,-0.900514407320151,"Chuffed-free",8.33263894675444e-05
12,-0.900514407320151,"OR-Tools-free",8.33263894675444e-05
12,-0.900514407320151,"MZN/SCIP-free",8.33263894675444e-05
12,-0.900514407320151,"iZplus-free",8.33263894675444e-05
12,-0.900514407320151,"MZN/CPLEX-free",8.33263894675444e-05
12,-0.900514407320151,"Gecode-free",8.33263894675444e-05
12,-0.900514407320151,"SICStus-Prolog-fd",8.33263894675444e-05
12,-0.900514407320151,"MZN/Cbc-free",8.33263894675444e-05
12,-0.900514407320151,"Concrete-free",8.33263894675444e-05
12,-0.900514407320151,"HaifaCSP-free",8.33263894675444e-05
12,-0.900514407320151,"G12FD-free",8.33263894675444e-05
12,-0.900514407320151,"Mistral-free",8.33263894675444e-05
12,-0.900514407320151,"MinisatID-free",8.33263894675444e-05
12,-0.900514407320151,"Picat-SAT-free",8.33263894675444e-05
12,-0.900514407320151,"Picat-CP-fd",8.33263894675444e-05
12,-0.900514407320151,"LCG-Glucose-UC-free",8.33263894675444e-05
12,-0.900514407320151,"MZN/Gurobi-free",0.00746424626041262
12,-0.900514407320151,"Choco-free",8.33263894675444e-05
12,-0.900514407320151,"JaCoP-fd",8.33263894675444e-05
13,-0.863337000048596,"LCG-Glucose-free",0.0050522401632884
13,-0.863337000048596,"Chuffed-free",0.0143845567398841
13,-0.863337000048596,"OR-Tools-free",8.33263894675444e-05
13,-0.863337000048596,"MZN/SCIP-free",8.33263894675444e-05
13,-0.863337000048596,"iZplus-free",8.33263894675444e-05
13,-0.863337000048596,"MZN/CPLEX-free",8.33263894675444e-05
13,-0.863337000048596,"Gecode-free",8.33263894675444e-05
13,-0.863337000048596,"SICStus-Prolog-fd",8.33263894675444e-05
13,-0.863337000048596,"MZN/Cbc-free",8.33263894675444e-05
13,-0.863337000048596,"Concrete-free",8.33263894675444e-05
13,-0.863337000048596,"HaifaCSP-free",0.00198195234197399
13,-0.863337000048596,"G12FD-free",8.33263894675444e-05
13,-0.863337000048596,"Mistral-free",8.33263894675444e-05
13,-0.863337000048596,"MinisatID-free",8.33263894675444e-05
13,-0.863337000048596,"Picat-SAT-free",8.33263894675444e-05
13,-0.863337000048596,"Picat-CP-fd",8.33263894675444e-05
13,-0.863337000048596,"LCG-Glucose-UC-free",0.053812624441694
13,-0.863337000048596,"MZN/Gurobi-free",8.33263894675444e-05
13,-0.863337000048596,"Choco-free",8.33263894675444e-05
13,-0.863337000048596,"JaCoP-fd",8.33263894675444e-05
14,-0.858107858822128,"LCG-Glucose-free",0.0418655279243071
14,-0.858107858822128,"Chuffed-free",0.0175657397811309
14,-0.858107858822128,"OR-Tools-free",0.00541708874816496
14,-0.858107858822128,"MZN/SCIP-free",8.33263894675444e-05
14,-0.858107858822128,"iZplus-free",8.33263894675444e-05
14,-0.858107858822128,"MZN/CPLEX-free",8.33263894675444e-05
14,-0.858107858822128,"Gecode-free",0.0239836910900588
14,-0.858107858822128,"SICStus-Prolog-fd",0.00617516472251897
14,-0.858107858822128,"MZN/Cbc-free",8.33263894675444e-05
14,-0.858107858822128,"Concrete-free",0.0476530855372885
14,-0.858107858822128,"HaifaCSP-free",0.000942505292167216
14,-0.858107858822128,"G12FD-free",0.000918949567128806
14,-0.858107858822128,"Mistral-free",8.33263894675444e-05
14,-0.858107858822128,"MinisatID-free",0.00315732309518698
14,-0.858107858822128,"Picat-SAT-free",0.173430454387791
14,-0.858107858822128,"Picat-CP-fd",8.33263894675444e-05
14,-0.858107858822128,"LCG-Glucose-UC-free",0.0420592193808883
14,-0.858107858822128,"MZN/Gurobi-free",8.33263894675444e-05
14,-0.858107858822128,"Choco-free",0.0167807759430796
14,-0.858107858822128,"JaCoP-fd",0.00324430948117003
15,-0.857851218215881,"LCG-Glucose-free",0.00612632481774184
15,-0.857851218215881,"Chuffed-free",8.33263894675444e-05
15,-0.857851218215881,"OR-Tools-free",8.33263894675444e-05
15,-0.857851218215881,"MZN/SCIP-free",8.33263894675444e-05
15,-0.857851218215881,"iZplus-free",8.33263894675444e-05
15,-0.857851218215881,"MZN/CPLEX-free",8.33263894675444e-05
15,-0.857851218215881,"Gecode-free",8.33263894675444e-05
15,-0.857851218215881,"SICStus-Prolog-fd",8.33263894675444e-05
15,-0.857851218215881,"MZN/Cbc-free",8.33263894675444e-05
15,-0.857851218215881,"Concrete-free",8.33263894675444e-05
15,-0.857851218215881,"HaifaCSP-free",8.33263894675444e-05
15,-0.857851218215881,"G12FD-free",8.33263894675444e-05
15,-0.857851218215881,"Mistral-free",8.33263894675444e-05
15,-0.857851218215881,"MinisatID-free",8.33263894675444e-05
15,-0.857851218215881,"Picat-SAT-free",8.33263894675444e-05
15,-0.857851218215881,"Picat-CP-fd",8.33263894675444e-05
15,-0.857851218215881,"LCG-Glucose-UC-free",0.00412541254125413
15,-0.857851218215881,"MZN/Gurobi-free",8.33263894675444e-05
15,-0.857851218215881,"Choco-free",8.33263894675444e-05
15,-0.857851218215881,"JaCoP-fd",8.33263894675444e-05
16,-0.857549332125086,"LCG-Glucose-free",8.33263894675444e-05
16,-0.857549332125086,"Chuffed-free",8.33263894675444e-05
16,-0.857549332125086,"OR-Tools-free",8.33263894675444e-05
16,-0.857549332125086,"MZN/SCIP-free",8.33263894675444e-05
16,-0.857549332125086,"iZplus-free",8.33263894675444e-05
16,-0.857549332125086,"MZN/CPLEX-free",8.33263894675444e-05
16,-0.857549332125086,"Gecode-free",8.33263894675444e-05
16,-0.857549332125086,"SICStus-Prolog-fd",8.33263894675444e-05
16,-0.857549332125086,"MZN/Cbc-free",8.33263894675444e-05
16,-0.857549332125086,"Concrete-free",8.33263894675444e-05
16,-0.857549332125086,"HaifaCSP-free",8.33263894675444e-05
16,-0.857549332125086,"G12FD-free",8.33263894675444e-05
16,-0.857549332125086,"Mistral-free",8.33263894675444e-05
16,-0.857549332125086,"MinisatID-free",8.33263894675444e-05
16,-0.857549332125086,"Picat-SAT-free",0.000971990159571625
16,-0.857549332125086,"Picat-CP-fd",8.33263894675444e-05
16,-0.857549332125086,"LCG-Glucose-UC-free",8.33263894675444e-05
16,-0.857549332125086,"MZN/Gurobi-free",8.33263894675444e-05
16,-0.857549332125086,"Choco-free",8.33263894675444e-05
16,-0.857549332125086,"JaCoP-fd",8.33263894675444e-05
17,-0.853223039167253,"LCG-Glucose-free",0.0067128510821116
17,-0.853223039167253,"Chuffed-free",0.016445204578345
17,-0.853223039167253,"OR-Tools-free",8.33263894675444e-05
17,-0.853223039167253,"MZN/SCIP-free",8.33263894675444e-05
17,-0.853223039167253,"iZplus-free",8.33263894675444e-05
17,-0.853223039167253,"MZN/CPLEX-free",8.33263894675444e-05
17,-0.853223039167253,"Gecode-free",8.33263894675444e-05
17,-0.853223039167253,"SICStus-Prolog-fd",8.33263894675444e-05
17,-0.853223039167253,"MZN/Cbc-free",8.33263894675444e-05
17,-0.853223039167253,"Concrete-free",8.33263894675444e-05
17,-0.853223039167253,"HaifaCSP-free",8.33263894675444e-05
17,-0.853223039167253,"G12FD-free",8.33263894675444e-05
17,-0.853223039167253,"Mistral-free",8.33263894675444e-05
17,-0.853223039167253,"MinisatID-free",0.00109226230460793
17,-0.853223039167253,"Picat-SAT-free",0.011124955500178
17,-0.853223039167253,"Picat-CP-fd",8.33263894675444e-05
17,-0.853223039167253,"LCG-Glucose-UC-free",8.33263894675444e-05
17,-0.853223039167253,"MZN/Gurobi-free",8.33263894675444e-05
17,-0.853223039167253,"Choco-free",0.000902570249298929
17,-0.853223039167253,"JaCoP-fd",8.33263894675444e-05
18,-0.847857637353373,"LCG-Glucose-free",8.33263894675444e-05
18,-0.847857637353373,"Chuffed-free",8.33263894675444e-05
18,-0.847857637353373,"OR-Tools-free",8.33263894675444e-05
18,-0.847857637353373,"MZN/SCIP-free",8.33263894675444e-05
18,-0.847857637353373,"iZplus-free",8.33263894675444e-05
18,-0.847857637353373,"MZN/CPLEX-free",8.33263894675444e-05
18,-0.847857637353373,"Gecode-free",8.33263894675444e-05
18,-0.847857637353373,"SICStus-Prolog-fd",8.33263894675444e-05
18,-0.847857637353373,"MZN/Cbc-free",8.33263894675444e-05
18,-0.847857637353373,"Concrete-free",8.33263894675444e-05
18,-0.847857637353373,"HaifaCSP-free",8.33263894675444e-05
18,-0.847857637353373,"G12FD-free",8.33263894675444e-05
18,-0.847857637353373,"Mistral-free",8.33263894675444e-05
18,-0.847857637353373,"MinisatID-free",8.33263894675444e-05
18,-0.847857637353373,"Picat-SAT-free",8.33263894675444e-05
18,-0.847857637353373,"Picat-CP-fd",8.33263894675444e-05
18,-0.847857637353373,"LCG-Glucose-UC-free",0.670690811535882
18,-0.847857637353373,"MZN/Gurobi-free",0.00824626650284084
18,-0.847857637353373,"Choco-free",8.33263894675444e-05
18,-0.847857637353373,"JaCoP-fd",8.33263894675444e-05
19,-0.844219604249264,"LCG-Glucose-free",0.0308708671626586
19,-0.844219604249264,"Chuffed-free",0.0106849022331446
19,-0.844219604249264,"OR-Tools-free",0.015642597922663
19,-0.844219604249264,"MZN/SCIP-free",0.00399007269912458
19,-0.844219604249264,"iZplus-free",0.000892106021448013
19,-0.844219604249264,"MZN/CPLEX-free",8.33263894675444e-05
19,-0.844219604249264,"Gecode-free",0.018149149712336
19,-0.844219604249264,"SICStus-Prolog-fd",0.00488407644556453
19,-0.844219604249264,"MZN/Cbc-free",0.00118278107313727
19,-0.844219604249264,"Concrete-free",8.33263894675444e-05
19,-0.844219604249264,"HaifaCSP-free",0.0221420189092841
19,-0.844219604249264,"G12FD-free",8.33263894675444e-05
19,-0.844219604249264,"Mistral-free",8.33263894675444e-05
19,-0.844219604249264,"MinisatID-free",8.33263894675444e-05
19,-0.844219604249264,"Picat-SAT-free",0.0109103604783102
19,-0.844219604249264,"Picat-CP-fd",0.00155504550063135
19,-0.844219604249264,"LCG-Glucose-UC-free",8.33263894675444e-05
19,-0.844219604249264,"MZN/Gurobi-free",0.0140775673963539
19,-0.844219604249264,"Choco-free",0.0194110681910826
19,-0.844219604249264,"JaCoP-fd",0.00781665259669199
20,-0.843204249399944,"LCG-Glucose-free",8.33263894675444e-05
20,-0.843204249399944,"Chuffed-free",8.33263894675444e-05
20,-0.843204249399944,"OR-Tools-free",8.33263894675444e-05
20,-0.843204249399944,"MZN/SCIP-free",8.33263894675444e-05
20,-0.843204249399944,"iZplus-free",8.33263894675444e-05
20,-0.843204249399944,"MZN/CPLEX-free",8.33263894675444e-05
20,-0.843204249399944,"Gecode-free",8.33263894675444e-05
20,-0.843204249399944,"SICStus-Prolog-fd",8.33263894675444e-05
20,-0.843204249399944,"MZN/Cbc-free",8.33263894675444e-05
20,-0.843204249399944,"Concrete-free",8.33263894675444e-05
20,-0.843204249399944,"HaifaCSP-free",8.33263894675444e-05
20,-0.843204249399944,"G12FD-free",8.33263894675444e-05
20,-0.843204249399944,"Mistral-free",8.33263894675444e-05
20,-0.843204249399944,"MinisatID-free",8.33263894675444e-05
20,-0.843204249399944,"Picat-SAT-free",8.33263894675444e-05
20,-0.843204249399944,"Picat-CP-fd",8.33263894675444e-05
20,-0.843204249399944,"LCG-Glucose-UC-free",0.0211864406779661
20,-0.843204249399944,"MZN/Gurobi-free",8.33263894675444e-05
20,-0.843204249399944,"Choco-free",8.33263894675444e-05
20,-0.843204249399944,"JaCoP-fd",8.33263894675444e-05
21,-0.842843229647067,"LCG-Glucose-free",0.0106841031229633
21,-0.842843229647067,"Chuffed-free",0.00286382784958031
21,-0.842843229647067,"OR-Tools-free",0.0013662228719371
21,-0.842843229647067,"MZN/SCIP-free",8.33263894675444e-05
21,-0.842843229647067,"iZplus-free",8.33263894675444e-05
21,-0.842843229647067,"MZN/CPLEX-free",8.33263894675444e-05
21,-0.842843229647067,"Gecode-free",0.00259209721401391
21,-0.842843229647067,"SICStus-Prolog-fd",0.000982849280062902
21,-0.842843229647067,"MZN/Cbc-free",8.33263894675444e-05
21,-0.842843229647067,"Concrete-free",0.0199560965875075
21,-0.842843229647067,"HaifaCSP-free",8.33263894675444e-05
21,-0.842843229647067,"G12FD-free",8.33263894675444e-05
21,-0.842843229647067,"Mistral-free",8.33263894675444e-05
21,-0.842843229647067,"MinisatID-free",8.33263894675444e-05
21,-0.842843229647067,"Picat-SAT-free",0.0773395204949729
21,-0.842843229647067,"Picat-CP-fd",8.33263894675444e-05
21,-0.842843229647067,"LCG-Glucose-UC-free",0.0107232856147123
21,-0.842843229647067,"MZN/Gurobi-free",8.33263894675444e-05
21,-0.842843229647067,"Choco-free",0.00278706800445931
21,-0.842843229647067,"JaCoP-fd",0.000965070247463313
22,-0.830321062318428,"LCG-Glucose-free",0.00944697413418482
22,-0.830321062318428,"Chuffed-free",0.00428696975542838
22,-0.830321062318428,"OR-Tools-free",0.00247576228720823
22,-0.830321062318428,"MZN/SCIP-free",8.33263894675444e-05
22,-0.830321062318428,"iZplus-free",8.33263894675444e-05
22,-0.830321062318428,"MZN/CPLEX-free",8.33263894675444e-05
22,-0.830321062318428,"Gecode-free",0.00503453692329379
22,-0.830321062318428,"SICStus-Prolog-fd",0.0013725234529945
22,-0.830321062318428,"MZN/Cbc-free",8.33263894675444e-05
22,-0.830321062318428,"Concrete-free",0.0423190859077444
22,-0.830321062318428,"HaifaCSP-free",8.33263894675444e-05
22,-0.830321062318428,"G12FD-free",8.33263894675444e-05
22,-0.830321062318428,"Mistral-free",8.33263894675444e-05
22,-0.830321062318428,"MinisatID-free",8.33263894675444e-05
22,-0.830321062318428,"Picat-SAT-free",0.121610117961814
22,-0.830321062318428,"Picat-CP-fd",8.33263894675444e-05
22,-0.830321062318428,"LCG-Glucose-UC-free",0.00946933828264081
22,-0.830321062318428,"MZN/Gurobi-free",8.33263894675444e-05
22,-0.830321062318428,"Choco-free",0.00350316686284401
22,-0.830321062318428,"JaCoP-fd",8.33263894675444e-05
23,-0.827478795952505,"LCG-Glucose-free",8.33263894675444e-05
23,-0.827478795952505,"Chuffed-free",8.33263894675444e-05
23,-0.827478795952505,"OR-Tools-free",0.942507068803016
23,-0.827478795952505,"MZN/SCIP-free",8.33263894675444e-05
23,-0.827478795952505,"iZplus-free",8.33263894675444e-05
23,-0.827478795952505,"MZN/CPLEX-free",8.33263894675444e-05
23,-0.827478795952505,"Gecode-free",8.33263894675444e-05
23,-0.827478795952505,"SICStus-Prolog-fd",8.33263894675444e-05
23,-0.827478795952505,"MZN/Cbc-free",8.33263894675444e-05
23,-0.827478795952505,"Concrete-free",8.33263894675444e-05
23,-0.827478795952505,"HaifaCSP-free",8.33263894675444e-05
23,-0.827478795952505,"G12FD-free",8.33263894675444e-05
23,-0.827478795952505,"Mistral-free",8.33263894675444e-05
23,-0.827478795952505,"MinisatID-free",8.33263894675444e-05
23,-0.827478795952505,"Picat-SAT-free",8.33263894675444e-05
23,-0.827478795952505,"Picat-CP-fd",8.33263894675444e-05
23,-0.827478795952505,"LCG-Glucose-UC-free",8.33263894675444e-05
23,-0.827478795952505,"MZN/Gurobi-free",8.33263894675444e-05
23,-0.827478795952505,"Choco-free",0.644329896907216
23,-0.827478795952505,"JaCoP-fd",0.770416024653313
24,-0.807792873220324,"LCG-Glucose-free",0.172205958326158
24,-0.807792873220324,"Chuffed-free",0.168634064080944
24,-0.807792873220324,"OR-Tools-free",8.33263894675444e-05
24,-0.807792873220324,"MZN/SCIP-free",8.33263894675444e-05
24,-0.807792873220324,"iZplus-free",8.33263894675444e-05
24,-0.807792873220324,"MZN/CPLEX-free",8.33263894675444e-05
24,-0.807792873220324,"Gecode-free",0.0107067527489588
24,-0.807792873220324,"SICStus-Prolog-fd",0.00874477499693933
24,-0.807792873220324,"MZN/Cbc-free",8.33263894675444e-05
24,-0.807792873220324,"Concrete-free",8.33263894675444e-05
24,-0.807792873220324,"HaifaCSP-free",0.00762572921035574
24,-0.807792873220324,"G12FD-free",8.33263894675444e-05
24,-0.807792873220324,"Mistral-free",8.33263894675444e-05
24,-0.807792873220324,"MinisatID-free",8.33263894675444e-05
24,-0.807792873220324,"Picat-SAT-free",8.33263894675444e-05
24,-0.807792873220324,"Picat-CP-fd",8.33263894675444e-05
24,-0.807792873220324,"LCG-Glucose-UC-free",0.168180289270098
24,-0.807792873220324,"MZN/Gurobi-free",8.33263894675444e-05
24,-0.807792873220324,"Choco-free",0.00855058956315038
24,-0.807792873220324,"JaCoP-fd",0.00776463828432553
25,-0.80354241550251,"LCG-Glucose-free",0.0879739597079264
25,-0.80354241550251,"Chuffed-free",0.520020800832033
25,-0.80354241550251,"OR-Tools-free",8.33263894675444e-05
25,-0.80354241550251,"MZN/SCIP-free",8.33263894675444e-05
25,-0.80354241550251,"iZplus-free",8.33263894675444e-05
25,-0.80354241550251,"MZN/CPLEX-free",8.33263894675444e-05
25,-0.80354241550251,"Gecode-free",0.0219086846025765
25,-0.80354241550251,"SICStus-Prolog-fd",0.0185198903622491
25,-0.80354241550251,"MZN/Cbc-free",8.33263894675444e-05
25,-0.80354241550251,"Concrete-free",8.33263894675444e-05
25,-0.80354241550251,"HaifaCSP-free",0.0124198916985444
25,-0.80354241550251,"G12FD-free",8.33263894675444e-05
25,-0.80354241550251,"Mistral-free",8.33263894675444e-05
25,-0.80354241550251,"MinisatID-free",8.33263894675444e-05
25,-0.80354241550251,"Picat-SAT-free",8.33263894675444e-05
25,-0.80354241550251,"Picat-CP-fd",8.33263894675444e-05
25,-0.80354241550251,"LCG-Glucose-UC-free",0.195045835771406
25,-0.80354241550251,"MZN/Gurobi-free",8.33263894675444e-05
25,-0.80354241550251,"Choco-free",0.0266063589197818
25,-0.80354241550251,"JaCoP-fd",0.0136187830255488
26,-0.790125701406997,"LCG-Glucose-free",0.165425971877585
26,-0.790125701406997,"Chuffed-free",0.449842555105713
26,-0.790125701406997,"OR-Tools-free",8.33263894675444e-05
26,-0.790125701406997,"MZN/SCIP-free",8.33263894675444e-05
26,-0.790125701406997,"iZplus-free",8.33263894675444e-05
26,-0.790125701406997,"MZN/CPLEX-free",8.33263894675444e-05
26,-0.790125701406997,"Gecode-free",0.0095706601841395
26,-0.790125701406997,"SICStus-Prolog-fd",0.00839962033716076
26,-0.790125701406997,"MZN/Cbc-free",8.33263894675444e-05
26,-0.790125701406997,"Concrete-free",8.33263894675444e-05
26,-0.790125701406997,"HaifaCSP-free",0.0222667557336896
26,-0.790125701406997,"G12FD-free",8.33263894675444e-05
26,-0.790125701406997,"Mistral-free",8.33263894675444e-05
26,-0.790125701406997,"MinisatID-free",8.33263894675444e-05
26,-0.790125701406997,"Picat-SAT-free",8.33263894675444e-05
26,-0.790125701406997,"Picat-CP-fd",8.33263894675444e-05
26,-0.790125701406997,"LCG-Glucose-UC-free",0.212675457252233
26,-0.790125701406997,"MZN/Gurobi-free",8.33263894675444e-05
26,-0.790125701406997,"Choco-free",0.00892084533930435
26,-0.790125701406997,"JaCoP-fd",0.00725231530166006
27,-0.785802456039572,"LCG-Glucose-free",0.116522955022139
27,-0.785802456039572,"Chuffed-free",0.389256520046711
27,-0.785802456039572,"OR-Tools-free",8.33263894675444e-05
27,-0.785802456039572,"MZN/SCIP-free",8.33263894675444e-05
27,-0.785802456039572,"iZplus-free",8.33263894675444e-05
27,-0.785802456039572,"MZN/CPLEX-free",8.33263894675444e-05
27,-0.785802456039572,"Gecode-free",0.00250674313904403
27,-0.785802456039572,"SICStus-Prolog-fd",0.00620948312262487
27,-0.785802456039572,"MZN/Cbc-free",8.33263894675444e-05
27,-0.785802456039572,"Concrete-free",8.33263894675444e-05
27,-0.785802456039572,"HaifaCSP-free",0.019752306081735
27,-0.785802456039572,"G12FD-free",8.33263894675444e-05
27,-0.785802456039572,"Mistral-free",8.33263894675444e-05
27,-0.785802456039572,"MinisatID-free",8.33263894675444e-05
27,-0.785802456039572,"Picat-SAT-free",8.33263894675444e-05
27,-0.785802456039572,"Picat-CP-fd",8.33263894675444e-05
27,-0.785802456039572,"LCG-Glucose-UC-free",0.450653447498873
27,-0.785802456039572,"MZN/Gurobi-free",8.33263894675444e-05
27,-0.785802456039572,"Choco-free",0.0089489462615777
27,-0.785802456039572,"JaCoP-fd",0.00451720150332466
28,-0.771336351350228,"LCG-Glucose-free",0.217060994139353
28,-0.771336351350228,"Chuffed-free",0.541418516513265
28,-0.771336351350228,"OR-Tools-free",8.33263894675444e-05
28,-0.771336351350228,"MZN/SCIP-free",8.33263894675444e-05
28,-0.771336351350228,"iZplus-free",8.33263894675444e-05
28,-0.771336351350228,"MZN/CPLEX-free",8.33263894675444e-05
28,-0.771336351350228,"Gecode-free",0.0493412937287216
28,-0.771336351350228,"SICStus-Prolog-fd",0.0323718882522417
28,-0.771336351350228,"MZN/Cbc-free",8.33263894675444e-05
28,-0.771336351350228,"Concrete-free",8.33263894675444e-05
28,-0.771336351350228,"HaifaCSP-free",0.0416042602762523
28,-0.771336351350228,"G12FD-free",8.33263894675444e-05
28,-0.771336351350228,"Mistral-free",8.33263894675444e-05
28,-0.771336351350228,"MinisatID-free",8.33263894675444e-05
28,-0.771336351350228,"Picat-SAT-free",8.33263894675444e-05
28,-0.771336351350228,"Picat-CP-fd",8.33263894675444e-05
28,-0.771336351350228,"LCG-Glucose-UC-free",0.431778929188256
28,-0.771336351350228,"MZN/Gurobi-free",8.33263894675444e-05
28,-0.771336351350228,"Choco-free",8.33263894675444e-05
28,-0.771336351350228,"JaCoP-fd",0.0247671884287696
29,-0.770539135804889,"LCG-Glucose-free",0.635324015247776
29,-0.770539135804889,"Chuffed-free",0.536768652710682
29,-0.770539135804889,"OR-Tools-free",0.0634356762243085
29,-0.770539135804889,"MZN/SCIP-free",0.0151862594724293
29,-0.770539135804889,"iZplus-free",0.722543352601156
29,-0.770539135804889,"MZN/CPLEX-free",0.00458770312055566
29,-0.770539135804889,"Gecode-free",0.0511718350220039
29,-0.770539135804889,"SICStus-Prolog-fd",0.037423749111186
29,-0.770539135804889,"MZN/Cbc-free",8.33263894675444e-05
29,-0.770539135804889,"Concrete-free",8.33263894675444e-05
29,-0.770539135804889,"HaifaCSP-free",0.160205062479974
29,-0.770539135804889,"G12FD-free",0.0159116584721626
29,-0.770539135804889,"Mistral-free",0.0234142686553185
29,-0.770539135804889,"MinisatID-free",0.091776798825257
29,-0.770539135804889,"Picat-SAT-free",0.398247710075667
29,-0.770539135804889,"Picat-CP-fd",8.33263894675444e-05
29,-0.770539135804889,"LCG-Glucose-UC-free",0.672947510094213
29,-0.770539135804889,"MZN/Gurobi-free",8.33263894675444e-05
29,-0.770539135804889,"Choco-free",0.144175317185698
29,-0.770539135804889,"JaCoP-fd",0.0359828721528552
30,-0.745500187517019,"LCG-Glucose-free",0.786163522012579
30,-0.745500187517019,"Chuffed-free",0.240847784200385
30,-0.745500187517019,"OR-Tools-free",0.037713078895761
30,-0.745500187517019,"MZN/SCIP-free",0.0137940547623974
30,-0.745500187517019,"iZplus-free",0.174672489082969
30,-0.745500187517019,"MZN/CPLEX-free",0.00475764553637696
30,-0.745500187517019,"Gecode-free",0.0368134295390959
30,-0.745500187517019,"SICStus-Prolog-fd",0.021580094520814
30,-0.745500187517019,"MZN/Cbc-free",8.33263894675444e-05
30,-0.745500187517019,"Concrete-free",8.33263894675444e-05
30,-0.745500187517019,"HaifaCSP-free",0.110791048083315
30,-0.745500187517019,"G12FD-free",0.0051080610311132
30,-0.745500187517019,"Mistral-free",0.384615384615385
30,-0.745500187517019,"MinisatID-free",0.13024225058609
30,-0.745500187517019,"Picat-SAT-free",0.0874278720055954
30,-0.745500187517019,"Picat-CP-fd",0.0146282236947967
30,-0.745500187517019,"LCG-Glucose-UC-free",0.368324125230203
30,-0.745500187517019,"MZN/Gurobi-free",0.013000182002548
30,-0.745500187517019,"Choco-free",0.0762660158633313
30,-0.745500187517019,"JaCoP-fd",0.0216122757726389
31,-0.733832472119268,"LCG-Glucose-free",0.641848523748395
31,-0.733832472119268,"Chuffed-free",0.823723228995058
31,-0.733832472119268,"OR-Tools-free",0.945179584120983
31,-0.733832472119268,"MZN/SCIP-free",8.33263894675444e-05
31,-0.733832472119268,"iZplus-free",8.33263894675444e-05
31,-0.733832472119268,"MZN/CPLEX-free",8.33263894675444e-05
31,-0.733832472119268,"Gecode-free",8.33263894675444e-05
31,-0.733832472119268,"SICStus-Prolog-fd",0.655307994757536
31,-0.733832472119268,"MZN/Cbc-free",8.33263894675444e-05
31,-0.733832472119268,"Concrete-free",8.33263894675444e-05
31,-0.733832472119268,"HaifaCSP-free",8.33263894675444e-05
31,-0.733832472119268,"G12FD-free",8.33263894675444e-05
31,-0.733832472119268,"Mistral-free",8.33263894675444e-05
31,-0.733832472119268,"MinisatID-free",0.249500998003992
31,-0.733832472119268,"Picat-SAT-free",0.165207335205683
31,-0.733832472119268,"Picat-CP-fd",8.33263894675444e-05
31,-0.733832472119268,"LCG-Glucose-UC-free",0.575373993095512
31,-0.733832472119268,"MZN/Gurobi-free",8.33263894675444e-05
31,-0.733832472119268,"Choco-free",0.643915003219575
31,-0.733832472119268,"JaCoP-fd",0.759301442672741
32,-0.677934607787364,"LCG-Glucose-free",8.33263894675444e-05
32,-0.677934607787364,"Chuffed-free",8.33263894675444e-05
32,-0.677934607787364,"OR-Tools-free",8.33263894675444e-05
32,-0.677934607787364,"MZN/SCIP-free",8.33263894675444e-05
32,-0.677934607787364,"iZplus-free",8.33263894675444e-05
32,-0.677934607787364,"MZN/CPLEX-free",8.33263894675444e-05
32,-0.677934607787364,"Gecode-free",8.33263894675444e-05
32,-0.677934607787364,"SICStus-Prolog-fd",8.33263894675444e-05
32,-0.677934607787364,"MZN/Cbc-free",8.33263894675444e-05
32,-0.677934607787364,"Concrete-free",8.33263894675444e-05
32,-0.677934607787364,"HaifaCSP-free",8.33263894675444e-05
32,-0.677934607787364,"G12FD-free",8.33263894675444e-05
32,-0.677934607787364,"Mistral-free",8.33263894675444e-05
32,-0.677934607787364,"MinisatID-free",8.33263894675444e-05
32,-0.677934607787364,"Picat-SAT-free",0.0042903724043247
32,-0.677934607787364,"Picat-CP-fd",8.33263894675444e-05
32,-0.677934607787364,"LCG-Glucose-UC-free",8.33263894675444e-05
32,-0.677934607787364,"MZN/Gurobi-free",0.0272264423207819
32,-0.677934607787364,"Choco-free",8.33263894675444e-05
32,-0.677934607787364,"JaCoP-fd",8.33263894675444e-05
33,-0.643533671627145,"LCG-Glucose-free",8.33263894675444e-05
33,-0.643533671627145,"Chuffed-free",8.33263894675444e-05
33,-0.643533671627145,"OR-Tools-free",0.00107007950690736
33,-0.643533671627145,"MZN/SCIP-free",0.032916392363397
33,-0.643533671627145,"iZplus-free",8.33263894675444e-05
33,-0.643533671627145,"MZN/CPLEX-free",8.33263894675444e-05
33,-0.643533671627145,"Gecode-free",0.00100759423777007
33,-0.643533671627145,"SICStus-Prolog-fd",8.33263894675444e-05
33,-0.643533671627145,"MZN/Cbc-free",0.00246238097465964
33,-0.643533671627145,"Concrete-free",8.33263894675444e-05
33,-0.643533671627145,"HaifaCSP-free",0.00202750924544216
33,-0.643533671627145,"G12FD-free",8.33263894675444e-05
33,-0.643533671627145,"Mistral-free",8.33263894675444e-05
33,-0.643533671627145,"MinisatID-free",8.33263894675444e-05
33,-0.643533671627145,"Picat-SAT-free",0.0125269329057474
33,-0.643533671627145,"Picat-CP-fd",8.33263894675444e-05
33,-0.643533671627145,"LCG-Glucose-UC-free",8.33263894675444e-05
33,-0.643533671627145,"MZN/Gurobi-free",0.0302471189619189
33,-0.643533671627145,"Choco-free",0.00191774411923766
33,-0.643533671627145,"JaCoP-fd",8.33263894675444e-05
34,-0.589596425022697,"LCG-Glucose-free",0.251130085384229
34,-0.589596425022697,"Chuffed-free",0.0984348853233586
34,-0.589596425022697,"OR-Tools-free",0.00239271657075861
34,-0.589596425022697,"MZN/SCIP-free",0.0150134370261384
34,-0.589596425022697,"iZplus-free",8.33263894675444e-05
34,-0.589596425022697,"MZN/CPLEX-free",8.33263894675444e-05
34,-0.589596425022697,"Gecode-free",0.00239807003323725
34,-0.589596425022697,"SICStus-Prolog-fd",0.00147172232720508
34,-0.589596425022697,"MZN/Cbc-free",8.33263894675444e-05
34,-0.589596425022697,"Concrete-free",8.33263894675444e-05
34,-0.589596425022697,"HaifaCSP-free",0.147514382652309
34,-0.589596425022697,"G12FD-free",8.33263894675444e-05
34,-0.589596425022697,"Mistral-free",0.352858151023289
34,-0.589596425022697,"MinisatID-free",0.284252416145537
34,-0.589596425022697,"Picat-SAT-free",0.052792735719565
34,-0.589596425022697,"Picat-CP-fd",0.000926492115552097
34,-0.589596425022697,"LCG-Glucose-UC-free",0.0090067370393054
34,-0.589596425022697,"MZN/Gurobi-free",0.0250890661849566
34,-0.589596425022697,"Choco-free",0.00359151540400957
34,-0.589596425022697,"JaCoP-fd",0.00134724770765803
35,-0.514081589316968,"LCG-Glucose-free",0.107146683810136
35,-0.514081589316968,"Chuffed-free",0.37243947858473
35,-0.514081589316968,"OR-Tools-free",8.33263894675444e-05
35,-0.514081589316968,"MZN/SCIP-free",8.33263894675444e-05
35,-0.514081589316968,"iZplus-free",8.33263894675444e-05
35,-0.514081589316968,"MZN/CPLEX-free",0.0280127738248641
35,-0.514081589316968,"Gecode-free",8.33263894675444e-05
35,-0.514081589316968,"SICStus-Prolog-fd",8.33263894675444e-05
35,-0.514081589316968,"MZN/Cbc-free",8.33263894675444e-05
35,-0.514081589316968,"Concrete-free",8.33263894675444e-05
35,-0.514081589316968,"HaifaCSP-free",0.107596298687325
35,-0.514081589316968,"G12FD-free",8.33263894675444e-05
35,-0.514081589316968,"Mistral-free",8.33263894675444e-05
35,-0.514081589316968,"MinisatID-free",0.0250783699059561
35,-0.514081589316968,"Picat-SAT-free",0.0212228612661559
35,-0.514081589316968,"Picat-CP-fd",8.33263894675444e-05
35,-0.514081589316968,"LCG-Glucose-UC-free",0.410846343467543
35,-0.514081589316968,"MZN/Gurobi-free",0.0220779794233232
35,-0.514081589316968,"Choco-free",8.33263894675444e-05
35,-0.514081589316968,"JaCoP-fd",8.33263894675444e-05
36,-0.473946274799632,"LCG-Glucose-free",8.33263894675444e-05
36,-0.473946274799632,"Chuffed-free",8.33263894675444e-05
36,-0.473946274799632,"OR-Tools-free",8.33263894675444e-05
36,-0.473946274799632,"MZN/SCIP-free",8.33263894675444e-05
36,-0.473946274799632,"iZplus-free",8.33263894675444e-05
36,-0.473946274799632,"MZN/CPLEX-free",0.0383715129887571
36,-0.473946274799632,"Gecode-free",8.33263894675444e-05
36,-0.473946274799632,"SICStus-Prolog-fd",8.33263894675444e-05
36,-0.473946274799632,"MZN/Cbc-free",8.33263894675444e-05
36,-0.473946274799632,"Concrete-free",8.33263894675444e-05
36,-0.473946274799632,"HaifaCSP-free",8.33263894675444e-05
36,-0.473946274799632,"G12FD-free",8.33263894675444e-05
36,-0.473946274799632,"Mistral-free",8.33263894675444e-05
36,-0.473946274799632,"MinisatID-free",8.33263894675444e-05
36,-0.473946274799632,"Picat-SAT-free",8.33263894675444e-05
36,-0.473946274799632,"Picat-CP-fd",8.33263894675444e-05
36,-0.473946274799632,"LCG-Glucose-UC-free",0.0701557457555774
36,-0.473946274799632,"MZN/Gurobi-free",0.0348881833722918
36,-0.473946274799632,"Choco-free",8.33263894675444e-05
36,-0.473946274799632,"JaCoP-fd",8.33263894675444e-05
37,-0.351028291950897,"LCG-Glucose-free",0.0766518473095202
37,-0.351028291950897,"Chuffed-free",0.0212107071649769
37,-0.351028291950897,"OR-Tools-free",8.33263894675444e-05
37,-0.351028291950897,"MZN/SCIP-free",0.0056785917092561
37,-0.351028291950897,"iZplus-free",8.33263894675444e-05
37,-0.351028291950897,"MZN/CPLEX-free",0.0686388907955247
37,-0.351028291950897,"Gecode-free",0.00369471323483228
37,-0.351028291950897,"SICStus-Prolog-fd",0.00114626449594738
37,-0.351028291950897,"MZN/Cbc-free",8.33263894675444e-05
37,-0.351028291950897,"Concrete-free",8.33263894675444e-05
37,-0.351028291950897,"HaifaCSP-free",0.00213914267439895
37,-0.351028291950897,"G12FD-free",8.33263894675444e-05
37,-0.351028291950897,"Mistral-free",8.33263894675444e-05
37,-0.351028291950897,"MinisatID-free",0.0019680196801968
37,-0.351028291950897,"Picat-SAT-free",0.0483372003093581
37,-0.351028291950897,"Picat-CP-fd",8.33263894675444e-05
37,-0.351028291950897,"LCG-Glucose-UC-free",0.00419825856234834
37,-0.351028291950897,"MZN/Gurobi-free",0.0626762770291445
37,-0.351028291950897,"Choco-free",8.33263894675444e-05
37,-0.351028291950897,"JaCoP-fd",0.00191131133159149
38,-0.303664854584005,"LCG-Glucose-free",8.33263894675444e-05
38,-0.303664854584005,"Chuffed-free",8.33263894675444e-05
38,-0.303664854584005,"OR-Tools-free",8.33263894675444e-05
38,-0.303664854584005,"MZN/SCIP-free",8.33263894675444e-05
38,-0.303664854584005,"iZplus-free",8.33263894675444e-05
38,-0.303664854584005,"MZN/CPLEX-free",0.0200980786236836
38,-0.303664854584005,"Gecode-free",8.33263894675444e-05
38,-0.303664854584005,"SICStus-Prolog-fd",8.33263894675444e-05
38,-0.303664854584005,"MZN/Cbc-free",8.33263894675444e-05
38,-0.303664854584005,"Concrete-free",8.33263894675444e-05
38,-0.303664854584005,"HaifaCSP-free",8.33263894675444e-05
38,-0.303664854584005,"G12FD-free",8.33263894675444e-05
38,-0.303664854584005,"Mistral-free",8.33263894675444e-05
38,-0.303664854584005,"MinisatID-free",8.33263894675444e-05
38,-0.303664854584005,"Picat-SAT-free",0.0152508769254232
38,-0.303664854584005,"Picat-CP-fd",8.33263894675444e-05
38,-0.303664854584005,"LCG-Glucose-UC-free",0.655737704918033
38,-0.303664854584005,"MZN/Gurobi-free",0.113571834185122
38,-0.303664854584005,"Choco-free",8.33263894675444e-05
38,-0.303664854584005,"JaCoP-fd",8.33263894675444e-05
39,-0.288642405591583,"LCG-Glucose-free",0.0151844147167347
39,-0.288642405591583,"Chuffed-free",0.00646667399556386
39,-0.288642405591583,"OR-Tools-free",0.0102834108016947
39,-0.288642405591583,"MZN/SCIP-free",0.0649434991557345
39,-0.288642405591583,"iZplus-free",8.33263894675444e-05
39,-0.288642405591583,"MZN/CPLEX-free",0.036200405444541
39,-0.288642405591583,"Gecode-free",0.0101921214900882
39,-0.288642405591583,"SICStus-Prolog-fd",0.005838188760319
39,-0.288642405591583,"MZN/Cbc-free",0.0183180377717939
39,-0.288642405591583,"Concrete-free",8.33263894675444e-05
39,-0.288642405591583,"HaifaCSP-free",0.00326409108119753
39,-0.288642405591583,"G12FD-free",8.33263894675444e-05
39,-0.288642405591583,"Mistral-free",8.33263894675444e-05
39,-0.288642405591583,"MinisatID-free",8.33263894675444e-05
39,-0.288642405591583,"Picat-SAT-free",0.00954781545982279
39,-0.288642405591583,"Picat-CP-fd",8.33263894675444e-05
39,-0.288642405591583,"LCG-Glucose-UC-free",8.33263894675444e-05
39,-0.288642405591583,"MZN/Gurobi-free",0.0746491489997014
39,-0.288642405591583,"Choco-free",0.0127258844489692
39,-0.288642405591583,"JaCoP-fd",0.00508197221177595
40,-0.190813782762893,"LCG-Glucose-free",0.368188512518409
40,-0.190813782762893,"Chuffed-free",0.549450549450549
40,-0.190813782762893,"OR-Tools-free",8.33263894675444e-05
40,-0.190813782762893,"MZN/SCIP-free",0.010668032174785
40,-0.190813782762893,"iZplus-free",8.33263894675444e-05
40,-0.190813782762893,"MZN/CPLEX-free",0.0533447135388883
40,-0.190813782762893,"Gecode-free",8.33263894675444e-05
40,-0.190813782762893,"SICStus-Prolog-fd",8.33263894675444e-05
40,-0.190813782762893,"MZN/Cbc-free",0.00265268172859352
40,-0.190813782762893,"Concrete-free",8.33263894675444e-05
40,-0.190813782762893,"HaifaCSP-free",0.240269101393561
40,-0.190813782762893,"G12FD-free",8.33263894675444e-05
40,-0.190813782762893,"Mistral-free",8.33263894675444e-05
40,-0.190813782762893,"MinisatID-free",0.0826446280991736
40,-0.190813782762893,"Picat-SAT-free",0.0489596083231334
40,-0.190813782762893,"Picat-CP-fd",8.33263894675444e-05
40,-0.190813782762893,"LCG-Glucose-UC-free",0.5720823798627
40,-0.190813782762893,"MZN/Gurobi-free",0.0823451910408432
40,-0.190813782762893,"Choco-free",8.33263894675444e-05
40,-0.190813782762893,"JaCoP-fd",8.33263894675444e-05
41,-0.163724920136891,"LCG-Glucose-free",0.902527075812274
41,-0.163724920136891,"Chuffed-free",0.930232558139535
41,-0.163724920136891,"OR-Tools-free",0.947867298578199
41,-0.163724920136891,"MZN/SCIP-free",0.0911078717201166
41,-0.163724920136891,"iZplus-free",0.518134715025907
41,-0.163724920136891,"MZN/CPLEX-free",0.0294039812990679
41,-0.163724920136891,"Gecode-free",0.0645494448747741
41,-0.163724920136891,"SICStus-Prolog-fd",0.663129973474801
41,-0.163724920136891,"MZN/Cbc-free",8.33263894675444e-05
41,-0.163724920136891,"Concrete-free",0.153704272978789
41,-0.163724920136891,"HaifaCSP-free",0.0814199641752158
41,-0.163724920136891,"G12FD-free",0.0486973459946433
41,-0.163724920136891,"Mistral-free",0.512032770097286
41,-0.163724920136891,"MinisatID-free",0.810372771474878
41,-0.163724920136891,"Picat-SAT-free",0.591016548463357
41,-0.163724920136891,"Picat-CP-fd",0.0504591785245736
41,-0.163724920136891,"LCG-Glucose-UC-free",0.916590284142988
41,-0.163724920136891,"MZN/Gurobi-free",0.0470566091007482
41,-0.163724920136891,"Choco-free",0.5175983436853
41,-0.163724920136891,"JaCoP-fd",0.805152979066023
42,-0.106013861134428,"LCG-Glucose-free",0.632111251580278
42,-0.106013861134428,"Chuffed-free",0.779423226812159
42,-0.106013861134428,"OR-Tools-free",8.33263894675444e-05
42,-0.106013861134428,"MZN/SCIP-free",0.010432641649192
42,-0.106013861134428,"iZplus-free",0.00428137175150918
42,-0.106013861134428,"MZN/CPLEX-free",0.10801468999784
42,-0.106013861134428,"Gecode-free",8.33263894675444e-05
42,-0.106013861134428,"SICStus-Prolog-fd",8.33263894675444e-05
42,-0.106013861134428,"MZN/Cbc-free",0.00220706702862566
42,-0.106013861134428,"Concrete-free",8.33263894675444e-05
42,-0.106013861134428,"HaifaCSP-free",0.348918353105373
42,-0.106013861134428,"G12FD-free",0.0326509289189277
42,-0.106013861134428,"Mistral-free",0.0726744186046512
42,-0.106013861134428,"MinisatID-free",0.0717514529669226
42,-0.106013861134428,"Picat-SAT-free",0.163318634656214
42,-0.106013861134428,"Picat-CP-fd",8.33263894675444e-05
42,-0.106013861134428,"LCG-Glucose-UC-free",0.510725229826353
42,-0.106013861134428,"MZN/Gurobi-free",0.0747104968248039
42,-0.106013861134428,"Choco-free",0.00105867830365858
42,-0.106013861134428,"JaCoP-fd",8.33263894675444e-05
43,-0.054256577698724,"LCG-Glucose-free",0.746268656716418
43,-0.054256577698724,"Chuffed-free",0.850340136054422
43,-0.054256577698724,"OR-Tools-free",0.022740193291643
43,-0.054256577698724,"MZN/SCIP-free",0.0154861089602626
43,-0.054256577698724,"iZplus-free",0.0212901852246115
43,-0.054256577698724,"MZN/CPLEX-free",0.127746550843127
43,-0.054256577698724,"Gecode-free",0.00881616532073209
43,-0.054256577698724,"SICStus-Prolog-fd",0.0165678120547401
43,-0.054256577698724,"MZN/Cbc-free",0.00125545652793454
43,-0.054256577698724,"Concrete-free",8.33263894675444e-05
43,-0.054256577698724,"HaifaCSP-free",0.364166059723234
43,-0.054256577698724,"G12FD-free",0.125944584382872
43,-0.054256577698724,"Mistral-free",0.0794786202511524
43,-0.054256577698724,"MinisatID-free",0.133779264214047
43,-0.054256577698724,"Picat-SAT-free",0.176460208223046
43,-0.054256577698724,"Picat-CP-fd",0.00173023252594916
43,-0.054256577698724,"LCG-Glucose-UC-free",0.505305709954523
43,-0.054256577698724,"MZN/Gurobi-free",0.0783024038837992
43,-0.054256577698724,"Choco-free",0.0447127207690588
43,-0.054256577698724,"JaCoP-fd",0.0147795628205318
44,-0.00578973952897185,"LCG-Glucose-free",0.197160883280757
44,-0.00578973952897185,"Chuffed-free",0.366300366300366
44,-0.00578973952897185,"OR-Tools-free",0.00354304624029648
44,-0.00578973952897185,"MZN/SCIP-free",0.00596235369874612
44,-0.00578973952897185,"iZplus-free",0.0769112444239348
44,-0.00578973952897185,"MZN/CPLEX-free",0.133457894034432
44,-0.00578973952897185,"Gecode-free",0.00597985983208554
44,-0.00578973952897185,"SICStus-Prolog-fd",0.00122572753057577
44,-0.00578973952897185,"MZN/Cbc-free",0.00127312147743201
44,-0.00578973952897185,"Concrete-free",0.00605675176402895
44,-0.00578973952897185,"HaifaCSP-free",0.0188139674894642
44,-0.00578973952897185,"G12FD-free",0.272034820457018
44,-0.00578973952897185,"Mistral-free",8.33263894675444e-05
44,-0.00578973952897185,"MinisatID-free",0.0143235694335028
44,-0.00578973952897185,"Picat-SAT-free",0.0186337718480975
44,-0.00578973952897185,"Picat-CP-fd",8.33263894675444e-05
44,-0.00578973952897185,"LCG-Glucose-UC-free",0.368731563421829
44,-0.00578973952897185,"MZN/Gurobi-free",0.192715359414145
44,-0.00578973952897185,"Choco-free",0.346020761245675
44,-0.00578973952897185,"JaCoP-fd",0.0010879711731158
45,0.0694556071135379,"LCG-Glucose-free",8.33263894675444e-05
45,0.0694556071135379,"Chuffed-free",8.33263894675444e-05
45,0.0694556071135379,"OR-Tools-free",8.33263894675444e-05
45,0.0694556071135379,"MZN/SCIP-free",0.00397948179188106
45,0.0694556071135379,"iZplus-free",8.33263894675444e-05
45,0.0694556071135379,"MZN/CPLEX-free",0.223413762287757
45,0.0694556071135379,"Gecode-free",8.33263894675444e-05
45,0.0694556071135379,"SICStus-Prolog-fd",8.33263894675444e-05
45,0.0694556071135379,"MZN/Cbc-free",0.0228895806628823
45,0.0694556071135379,"Concrete-free",8.33263894675444e-05
45,0.0694556071135379,"HaifaCSP-free",8.33263894675444e-05
45,0.0694556071135379,"G12FD-free",8.33263894675444e-05
45,0.0694556071135379,"Mistral-free",8.33263894675444e-05
45,0.0694556071135379,"MinisatID-free",8.33263894675444e-05
45,0.0694556071135379,"Picat-SAT-free",0.00353987313094699
45,0.0694556071135379,"Picat-CP-fd",8.33263894675444e-05
45,0.0694556071135379,"LCG-Glucose-UC-free",0.870322019147084
45,0.0694556071135379,"MZN/Gurobi-free",0.200440970134295
45,0.0694556071135379,"Choco-free",8.33263894675444e-05
45,0.0694556071135379,"JaCoP-fd",8.33263894675444e-05
46,0.088493598779442,"LCG-Glucose-free",0.201775625504439
46,0.088493598779442,"Chuffed-free",0.0591261160054396
46,0.088493598779442,"OR-Tools-free",0.00167965882769892
46,0.088493598779442,"MZN/SCIP-free",0.0253511129138569
46,0.088493598779442,"iZplus-free",0.00323215607435252
46,0.088493598779442,"MZN/CPLEX-free",0.198059021588433
46,0.088493598779442,"Gecode-free",0.0304785126485827
46,0.088493598779442,"SICStus-Prolog-fd",0.0100630956094714
46,0.088493598779442,"MZN/Cbc-free",0.00541301288297066
46,0.088493598779442,"Concrete-free",8.33263894675444e-05
46,0.088493598779442,"HaifaCSP-free",0.0127890321260487
46,0.088493598779442,"G12FD-free",8.33263894675444e-05
46,0.088493598779442,"Mistral-free",8.33263894675444e-05
46,0.088493598779442,"MinisatID-free",0.0104166666666667
46,0.088493598779442,"Picat-SAT-free",0.134030290845731
46,0.088493598779442,"Picat-CP-fd",0.00550312302231516
46,0.088493598779442,"LCG-Glucose-UC-free",0.0292568753657109
46,0.088493598779442,"MZN/Gurobi-free",0.181620050853614
46,0.088493598779442,"Choco-free",0.00414027242992589
46,0.088493598779442,"JaCoP-fd",0.0155955147299637
47,0.0978154744960801,"LCG-Glucose-free",0.73909830007391
47,0.0978154744960801,"Chuffed-free",0.801282051282051
47,0.0978154744960801,"OR-Tools-free",0.00422788288764401
47,0.0978154744960801,"MZN/SCIP-free",0.0240448195436293
47,0.0978154744960801,"iZplus-free",0.0909173561232839
47,0.0978154744960801,"MZN/CPLEX-free",0.136892539356605
47,0.0978154744960801,"Gecode-free",0.00178112788141963
47,0.0978154744960801,"SICStus-Prolog-fd",0.0034341366923769
47,0.0978154744960801,"MZN/Cbc-free",0.0118978215088817
47,0.0978154744960801,"Concrete-free",8.33263894675444e-05
47,0.0978154744960801,"HaifaCSP-free",0.271665308340125
47,0.0978154744960801,"G12FD-free",0.0898069151324652
47,0.0978154744960801,"Mistral-free",0.141262890238734
47,0.0978154744960801,"MinisatID-free",0.145793847499636
47,0.0978154744960801,"Picat-SAT-free",0.219298245614035
47,0.0978154744960801,"Picat-CP-fd",8.33263894675444e-05
47,0.0978154744960801,"LCG-Glucose-UC-free",0.706713780918728
47,0.0978154744960801,"MZN/Gurobi-free",0.127258844489692
47,0.0978154744960801,"Choco-free",0.040048057669203
47,0.0978154744960801,"JaCoP-fd",0.00292007463710772
48,0.117284200015498,"LCG-Glucose-free",0.0621697233447311
48,0.117284200015498,"Chuffed-free",0.0189093109447092
48,0.117284200015498,"OR-Tools-free",8.33263894675444e-05
48,0.117284200015498,"MZN/SCIP-free",0.0384349296640787
48,0.117284200015498,"iZplus-free",0.671591672263264
48,0.117284200015498,"MZN/CPLEX-free",0.215703192407248
48,0.117284200015498,"Gecode-free",8.33263894675444e-05
48,0.117284200015498,"SICStus-Prolog-fd",8.33263894675444e-05
48,0.117284200015498,"MZN/Cbc-free",0.0193539646596605
48,0.117284200015498,"Concrete-free",8.33263894675444e-05
48,0.117284200015498,"HaifaCSP-free",0.00426095811904265
48,0.117284200015498,"G12FD-free",0.00118896309339662
48,0.117284200015498,"Mistral-free",8.33263894675444e-05
48,0.117284200015498,"MinisatID-free",0.00256110147852388
48,0.117284200015498,"Picat-SAT-free",0.0652017995696681
48,0.117284200015498,"Picat-CP-fd",8.33263894675444e-05
48,0.117284200015498,"LCG-Glucose-UC-free",0.131821776957553
48,0.117284200015498,"MZN/Gurobi-free",0.183385292499542
48,0.117284200015498,"Choco-free",8.33263894675444e-05
48,0.117284200015498,"JaCoP-fd",8.33263894675444e-05
49,0.174219788389855,"LCG-Glucose-free",0.477326968973747
49,0.174219788389855,"Chuffed-free",0.658761528326746
49,0.174219788389855,"OR-Tools-free",8.33263894675444e-05
49,0.174219788389855,"MZN/SCIP-free",0.00940707223690771
49,0.174219788389855,"iZplus-free",0.2154243860405
49,0.174219788389855,"MZN/CPLEX-free",0.144843568945539
49,0.174219788389855,"Gecode-free",8.33263894675444e-05
49,0.174219788389855,"SICStus-Prolog-fd",8.33263894675444e-05
49,0.174219788389855,"MZN/Cbc-free",0.0153125287109913
49,0.174219788389855,"Concrete-free",8.33263894675444e-05
49,0.174219788389855,"HaifaCSP-free",0.3125
49,0.174219788389855,"G12FD-free",8.33263894675444e-05
49,0.174219788389855,"Mistral-free",0.182681768359518
49,0.174219788389855,"MinisatID-free",0.173580975525082
49,0.174219788389855,"Picat-SAT-free",0.0987654320987654
49,0.174219788389855,"Picat-CP-fd",8.33263894675444e-05
49,0.174219788389855,"LCG-Glucose-UC-free",0.673854447439353
49,0.174219788389855,"MZN/Gurobi-free",0.225428313796213
49,0.174219788389855,"Choco-free",8.33263894675444e-05
49,0.174219788389855,"JaCoP-fd",8.33263894675444e-05
50,0.184000926390806,"LCG-Glucose-free",0.76219512195122
50,0.184000926390806,"Chuffed-free",0.829187396351575
50,0.184000926390806,"OR-Tools-free",0.00518048820920884
50,0.184000926390806,"MZN/SCIP-free",0.0283318223028105
50,0.184000926390806,"iZplus-free",0.0282789434986709
50,0.184000926390806,"MZN/CPLEX-free",0.135574837310195
50,0.184000926390806,"Gecode-free",0.00226645331786101
50,0.184000926390806,"SICStus-Prolog-fd",0.00412372834527153
50,0.184000926390806,"MZN/Cbc-free",0.0323897130271426
50,0.184000926390806,"Concrete-free",8.33263894675444e-05
50,0.184000926390806,"HaifaCSP-free",0.343997248022016
50,0.184000926390806,"G12FD-free",0.008146904990794
50,0.184000926390806,"Mistral-free",0.0448591422931994
50,0.184000926390806,"MinisatID-free",0.251698968034231
50,0.184000926390806,"Picat-SAT-free",0.248941996514812
50,0.184000926390806,"Picat-CP-fd",8.33263894675444e-05
50,0.184000926390806,"LCG-Glucose-UC-free",0.679347826086957
50,0.184000926390806,"MZN/Gurobi-free",0.179307871615564
50,0.184000926390806,"Choco-free",0.00874699322108025
50,0.184000926390806,"JaCoP-fd",0.00329330865547381
51,0.22612200184771,"LCG-Glucose-free",0.798722044728435
51,0.22612200184771,"Chuffed-free",0.856164383561644
51,0.22612200184771,"OR-Tools-free",0.0849762066621346
51,0.22612200184771,"MZN/SCIP-free",0.166472448809722
51,0.22612200184771,"iZplus-free",0.00790139064475348
51,0.22612200184771,"MZN/CPLEX-free",0.17082336863683
51,0.22612200184771,"Gecode-free",0.0357423690042176
51,0.22612200184771,"SICStus-Prolog-fd",0.0641477965231894
51,0.22612200184771,"MZN/Cbc-free",0.0252672006468403
51,0.22612200184771,"Concrete-free",8.33263894675444e-05
51,0.22612200184771,"HaifaCSP-free",0.400320256204964
51,0.22612200184771,"G12FD-free",0.143184421534937
51,0.22612200184771,"Mistral-free",0.158503724837534
51,0.22612200184771,"MinisatID-free",0.226963231956423
51,0.22612200184771,"Picat-SAT-free",0.256016385048643
51,0.22612200184771,"Picat-CP-fd",0.00948874634683266
51,0.22612200184771,"LCG-Glucose-UC-free",0.70323488045007
51,0.22612200184771,"MZN/Gurobi-free",0.123624675485227
51,0.22612200184771,"Choco-free",0.128832775057975
51,0.22612200184771,"JaCoP-fd",0.0599844040549457
52,0.240584846286648,"LCG-Glucose-free",0.125172111653524
52,0.240584846286648,"Chuffed-free",0.0457310101980153
52,0.240584846286648,"OR-Tools-free",0.00196335977978957
52,0.240584846286648,"MZN/SCIP-free",0.0563316809373592
52,0.240584846286648,"iZplus-free",0.00113488828159756
52,0.240584846286648,"MZN/CPLEX-free",0.353606789250354
52,0.240584846286648,"Gecode-free",0.00569129289100605
52,0.240584846286648,"SICStus-Prolog-fd",0.00184816237215337
52,0.240584846286648,"MZN/Cbc-free",0.00375519155232108
52,0.240584846286648,"Concrete-free",8.33263894675444e-05
52,0.240584846286648,"HaifaCSP-free",0.00402351341238196
52,0.240584846286648,"G12FD-free",8.33263894675444e-05
52,0.240584846286648,"Mistral-free",8.33263894675444e-05
52,0.240584846286648,"MinisatID-free",0.00347544424866109
52,0.240584846286648,"Picat-SAT-free",0.103498240529911
52,0.240584846286648,"Picat-CP-fd",0.00138826417001238
52,0.240584846286648,"LCG-Glucose-UC-free",0.0278032641032057
52,0.240584846286648,"MZN/Gurobi-free",0.246244767298695
52,0.240584846286648,"Choco-free",8.33263894675444e-05
52,0.240584846286648,"JaCoP-fd",0.0029574598968438
53,0.250476752456964,"LCG-Glucose-free",0.123946455131383
53,0.250476752456964,"Chuffed-free",0.05941770647653
53,0.250476752456964,"OR-Tools-free",0.00389100516336385
53,0.250476752456964,"MZN/SCIP-free",0.0548426017330262
53,0.250476752456964,"iZplus-free",0.0052331088329644
53,0.250476752456964,"MZN/CPLEX-free",0.325414904002603
53,0.250476752456964,"Gecode-free",0.0217637329154697
53,0.250476752456964,"SICStus-Prolog-fd",0.00757782425509988
53,0.250476752456964,"MZN/Cbc-free",0.00408490057352004
53,0.250476752456964,"Concrete-free",8.33263894675444e-05
53,0.250476752456964,"HaifaCSP-free",0.00702804894333284
53,0.250476752456964,"G12FD-free",8.33263894675444e-05
53,0.250476752456964,"Mistral-free",8.33263894675444e-05
53,0.250476752456964,"MinisatID-free",0.00538314537184077
53,0.250476752456964,"Picat-SAT-free",0.117924528301887
53,0.250476752456964,"Picat-CP-fd",0.00595912043382397
53,0.250476752456964,"LCG-Glucose-UC-free",0.0967866821525358
53,0.250476752456964,"MZN/Gurobi-free",0.250501002004008
53,0.250476752456964,"Choco-free",0.00324988706642444
53,0.250476752456964,"JaCoP-fd",0.0110961928962173
54,0.334753678530246,"LCG-Glucose-free",0.318877551020408
54,0.334753678530246,"Chuffed-free",0.0348347093043509
54,0.334753678530246,"OR-Tools-free",0.00111277656670595
54,0.334753678530246,"MZN/SCIP-free",0.0644911647104347
54,0.334753678530246,"iZplus-free",0.01498239568507
54,0.334753678530246,"MZN/CPLEX-free",0.246426811237063
54,0.334753678530246,"Gecode-free",0.00256268979921325
54,0.334753678530246,"SICStus-Prolog-fd",8.33263894675444e-05
54,0.334753678530246,"MZN/Cbc-free",0.056056953865127
54,0.334753678530246,"Concrete-free",0.0556823876607829
54,0.334753678530246,"HaifaCSP-free",0.0621929224454257
54,0.334753678530246,"G12FD-free",0.149276011344977
54,0.334753678530246,"Mistral-free",0.157554750275721
54,0.334753678530246,"MinisatID-free",0.0135078548175764
54,0.334753678530246,"Picat-SAT-free",0.00944652792865982
54,0.334753678530246,"Picat-CP-fd",8.33263894675444e-05
54,0.334753678530246,"LCG-Glucose-UC-free",0.160797555877151
54,0.334753678530246,"MZN/Gurobi-free",0.270197243988111
54,0.334753678530246,"Choco-free",0.0040773223408723
54,0.334753678530246,"JaCoP-fd",8.33263894675444e-05
55,0.36387964872778,"LCG-Glucose-free",0.0105928837007298
55,0.36387964872778,"Chuffed-free",0.00973700353453228
55,0.36387964872778,"OR-Tools-free",8.33263894675444e-05
55,0.36387964872778,"MZN/SCIP-free",0.0744768004766515
55,0.36387964872778,"iZplus-free",0.902527075812274
55,0.36387964872778,"MZN/CPLEX-free",0.327118089630357
55,0.36387964872778,"Gecode-free",0.00269671162983858
55,0.36387964872778,"SICStus-Prolog-fd",0.00835610371595932
55,0.36387964872778,"MZN/Cbc-free",0.0236927523870448
55,0.36387964872778,"Concrete-free",0.184535892231039
55,0.36387964872778,"HaifaCSP-free",0.0196827146400031
55,0.36387964872778,"G12FD-free",0.00276530318784151
55,0.36387964872778,"Mistral-free",8.33263894675444e-05
55,0.36387964872778,"MinisatID-free",0.00237148338657314
55,0.36387964872778,"Picat-SAT-free",0.0564079422382671
55,0.36387964872778,"Picat-CP-fd",8.33263894675444e-05
55,0.36387964872778,"LCG-Glucose-UC-free",0.0762020879372095
55,0.36387964872778,"MZN/Gurobi-free",0.318369945877109
55,0.36387964872778,"Choco-free",0.361141206211629
55,0.36387964872778,"JaCoP-fd",0.0516502246784774
56,0.386142689694427,"LCG-Glucose-free",0.897666068222621
56,0.386142689694427,"Chuffed-free",0.927643784786642
56,0.386142689694427,"OR-Tools-free",0.950570342205323
56,0.386142689694427,"MZN/SCIP-free",0.131821776957553
56,0.386142689694427,"iZplus-free",0.527148128624143
56,0.386142689694427,"MZN/CPLEX-free",0.048480147379648
56,0.386142689694427,"Gecode-free",0.0535704719558579
56,0.386142689694427,"SICStus-Prolog-fd",0.668896321070234
56,0.386142689694427,"MZN/Cbc-free",8.33263894675444e-05
56,0.386142689694427,"Concrete-free",0.167448091091762
56,0.386142689694427,"HaifaCSP-free",0.0922934933087217
56,0.386142689694427,"G12FD-free",0.0483863163497363
56,0.386142689694427,"Mistral-free",0.531914893617021
56,0.386142689694427,"MinisatID-free",0.81366965012205
56,0.386142689694427,"Picat-SAT-free",0.55005500550055
56,0.386142689694427,"Picat-CP-fd",0.0516795865633075
56,0.386142689694427,"LCG-Glucose-UC-free",0.930232558139535
56,0.386142689694427,"MZN/Gurobi-free",0.438020148926851
56,0.386142689694427,"Choco-free",0.668002672010688
56,0.386142689694427,"JaCoP-fd",0.806451612903226
57,0.425550723283786,"LCG-Glucose-free",0.0935891436593355
57,0.425550723283786,"Chuffed-free",0.0487662147664098
57,0.425550723283786,"OR-Tools-free",0.00336786517762121
57,0.425550723283786,"MZN/SCIP-free",0.0914996797511209
57,0.425550723283786,"iZplus-free",0.0037243670438209
57,0.425550723283786,"MZN/CPLEX-free",0.472813238770686
57,0.425550723283786,"Gecode-free",0.0149425459109723
57,0.425550723283786,"SICStus-Prolog-fd",0.00550415288335049
57,0.425550723283786,"MZN/Cbc-free",0.00408921020994005
57,0.425550723283786,"Concrete-free",8.33263894675444e-05
57,0.425550723283786,"HaifaCSP-free",0.00694102213491959
57,0.425550723283786,"G12FD-free",8.33263894675444e-05
57,0.425550723283786,"Mistral-free",8.33263894675444e-05
57,0.425550723283786,"MinisatID-free",0.00388622682351478
57,0.425550723283786,"Picat-SAT-free",0.124208172897777
57,0.425550723283786,"Picat-CP-fd",0.00454095487199048
57,0.425550723283786,"LCG-Glucose-UC-free",0.0365430294171387
57,0.425550723283786,"MZN/Gurobi-free",0.36941263391208
57,0.425550723283786,"Choco-free",0.00273837559559669
57,0.425550723283786,"JaCoP-fd",0.00830226901012047
58,0.457626590721879,"LCG-Glucose-free",0.908265213442325
58,0.457626590721879,"Chuffed-free",0.909918107370337
58,0.457626590721879,"OR-Tools-free",0.0124875124875125
58,0.457626590721879,"MZN/SCIP-free",0.204457166223676
58,0.457626590721879,"iZplus-free",0.791139240506329
58,0.457626590721879,"MZN/CPLEX-free",0.37147102526003
58,0.457626590721879,"Gecode-free",0.00107330801041967
58,0.457626590721879,"SICStus-Prolog-fd",0.0132909794122729
58,0.457626590721879,"MZN/Cbc-free",0.00226086799243966
58,0.457626590721879,"Concrete-free",0.139586823003908
58,0.457626590721879,"HaifaCSP-free",0.410509031198686
58,0.457626590721879,"G12FD-free",8.33263894675444e-05
58,0.457626590721879,"Mistral-free",0.88809946714032
58,0.457626590721879,"MinisatID-free",0.809061488673139
58,0.457626590721879,"Picat-SAT-free",0.409500409500409
58,0.457626590721879,"Picat-CP-fd",8.33263894675444e-05
58,0.457626590721879,"LCG-Glucose-UC-free",0.920810313075506
58,0.457626590721879,"MZN/Gurobi-free",0.205930807248764
58,0.457626590721879,"Choco-free",0.15330369461904
58,0.457626590721879,"JaCoP-fd",0.00207784436114597
59,0.462173852939292,"LCG-Glucose-free",0.00182488411985839
59,0.462173852939292,"Chuffed-free",8.33263894675444e-05
59,0.462173852939292,"OR-Tools-free",8.33263894675444e-05
59,0.462173852939292,"MZN/SCIP-free",0.0264627272486702
59,0.462173852939292,"iZplus-free",8.33263894675444e-05
59,0.462173852939292,"MZN/CPLEX-free",0.606060606060606
59,0.462173852939292,"Gecode-free",8.33263894675444e-05
59,0.462173852939292,"SICStus-Prolog-fd",8.33263894675444e-05
59,0.462173852939292,"MZN/Cbc-free",0.00246265385429955
59,0.462173852939292,"Concrete-free",8.33263894675444e-05
59,0.462173852939292,"HaifaCSP-free",0.040798009057158
59,0.462173852939292,"G12FD-free",8.33263894675444e-05
59,0.462173852939292,"Mistral-free",8.33263894675444e-05
59,0.462173852939292,"MinisatID-free",8.33263894675444e-05
59,0.462173852939292,"Picat-SAT-free",8.33263894675444e-05
59,0.462173852939292,"Picat-CP-fd",8.33263894675444e-05
59,0.462173852939292,"LCG-Glucose-UC-free",0.131285282919785
59,0.462173852939292,"MZN/Gurobi-free",0.40048057669203
59,0.462173852939292,"Choco-free",8.33263894675444e-05
59,0.462173852939292,"JaCoP-fd",0.431406384814495
60,0.518026686069658,"LCG-Glucose-free",0.632911392405063
60,0.518026686069658,"Chuffed-free",0.79428117553614
60,0.518026686069658,"OR-Tools-free",0.00861823791507588
60,0.518026686069658,"MZN/SCIP-free",0.0395335046451868
60,0.518026686069658,"iZplus-free",0.509164969450102
60,0.518026686069658,"MZN/CPLEX-free",0.342935528120713
60,0.518026686069658,"Gecode-free",0.00422859800833034
60,0.518026686069658,"SICStus-Prolog-fd",0.00237880013321281
60,0.518026686069658,"MZN/Cbc-free",0.0592417061611374
60,0.518026686069658,"Concrete-free",0.140984068800226
60,0.518026686069658,"HaifaCSP-free",0.266311584553928
60,0.518026686069658,"G12FD-free",0.0118594418946644
60,0.518026686069658,"Mistral-free",0.179694519317161
60,0.518026686069658,"MinisatID-free",0.244558571777941
60,0.518026686069658,"Picat-SAT-free",0.0859328005499699
60,0.518026686069658,"Picat-CP-fd",8.33263894675444e-05
60,0.518026686069658,"LCG-Glucose-UC-free",0.790513833992095
60,0.518026686069658,"MZN/Gurobi-free",0.381679389312977
60,0.518026686069658,"Choco-free",0.00381348983895632
60,0.518026686069658,"JaCoP-fd",0.0019974313033439
61,0.520008212768614,"LCG-Glucose-free",0.733675715333822
61,0.520008212768614,"Chuffed-free",0.489715964740451
61,0.520008212768614,"OR-Tools-free",0.00492104188298747
61,0.520008212768614,"MZN/SCIP-free",0.0251445813427206
61,0.520008212768614,"iZplus-free",0.146972369194591
61,0.520008212768614,"MZN/CPLEX-free",0.347101700798334
61,0.520008212768614,"Gecode-free",0.00428869799417595
61,0.520008212768614,"SICStus-Prolog-fd",0.00465638227035887
61,0.520008212768614,"MZN/Cbc-free",0.0968710646130001
61,0.520008212768614,"Concrete-free",8.33263894675444e-05
61,0.520008212768614,"HaifaCSP-free",0.160230732254446
61,0.520008212768614,"G12FD-free",8.33263894675444e-05
61,0.520008212768614,"Mistral-free",0.187160771102377
61,0.520008212768614,"MinisatID-free",0.0444325957522438
61,0.520008212768614,"Picat-SAT-free",0.0297353553374963
61,0.520008212768614,"Picat-CP-fd",8.33263894675444e-05
61,0.520008212768614,"LCG-Glucose-UC-free",0.929368029739777
61,0.520008212768614,"MZN/Gurobi-free",0.417014178482068
61,0.520008212768614,"Choco-free",0.15015015015015
61,0.520008212768614,"JaCoP-fd",0.00303632968467716
62,0.527213366478055,"LCG-Glucose-free",0.609013398294763
62,0.527213366478055,"Chuffed-free",0.796178343949045
62,0.527213366478055,"OR-Tools-free",0.0246487552378605
62,0.527213366478055,"MZN/SCIP-free",0.0687379708551004
62,0.527213366478055,"iZplus-free",0.625390869293308
62,0.527213366478055,"MZN/CPLEX-free",0.354107648725212
62,0.527213366478055,"Gecode-free",0.0133232076954848
62,0.527213366478055,"SICStus-Prolog-fd",0.00763941940412529
62,0.527213366478055,"MZN/Cbc-free",8.33263894675444e-05
62,0.527213366478055,"Concrete-free",0.153139356814701
62,0.527213366478055,"HaifaCSP-free",0.287769784172662
62,0.527213366478055,"G12FD-free",0.0209367083307162
62,0.527213366478055,"Mistral-free",0.235793444942231
62,0.527213366478055,"MinisatID-free",0.243546030199708
62,0.527213366478055,"Picat-SAT-free",0.0476985451943716
62,0.527213366478055,"Picat-CP-fd",8.33263894675444e-05
62,0.527213366478055,"LCG-Glucose-UC-free",0.790513833992095
62,0.527213366478055,"MZN/Gurobi-free",0.390930414386239
62,0.527213366478055,"Choco-free",0.0105462982493145
62,0.527213366478055,"JaCoP-fd",0.0066236570535324
63,0.532376561221842,"LCG-Glucose-free",0.428082191780822
63,0.532376561221842,"Chuffed-free",0.21128248468202
63,0.532376561221842,"OR-Tools-free",0.0326338804947296
63,0.532376561221842,"MZN/SCIP-free",0.109027474923681
63,0.532376561221842,"iZplus-free",8.33263894675444e-05
63,0.532376561221842,"MZN/CPLEX-free",0.338868180277872
63,0.532376561221842,"Gecode-free",0.00964906355838166
63,0.532376561221842,"SICStus-Prolog-fd",0.00651822495697972
63,0.532376561221842,"MZN/Cbc-free",0.290782204129107
63,0.532376561221842,"Concrete-free",8.33263894675444e-05
63,0.532376561221842,"HaifaCSP-free",0.252397778899546
63,0.532376561221842,"G12FD-free",0.00262231114770692
63,0.532376561221842,"Mistral-free",0.00305647759296277
63,0.532376561221842,"MinisatID-free",0.0106362611414835
63,0.532376561221842,"Picat-SAT-free",0.254129606099111
63,0.532376561221842,"Picat-CP-fd",0.00349410893234007
63,0.532376561221842,"LCG-Glucose-UC-free",0.429000429000429
63,0.532376561221842,"MZN/Gurobi-free",0.372856077554064
63,0.532376561221842,"Choco-free",0.0143560589746903
63,0.532376561221842,"JaCoP-fd",0.00629869679963216
64,0.539864415507805,"LCG-Glucose-free",0.584453535943892
64,0.539864415507805,"Chuffed-free",0.786782061369001
64,0.539864415507805,"OR-Tools-free",8.33263894675444e-05
64,0.539864415507805,"MZN/SCIP-free",0.0956663158901751
64,0.539864415507805,"iZplus-free",0.452898550724638
64,0.539864415507805,"MZN/CPLEX-free",0.355618776671408
64,0.539864415507805,"Gecode-free",8.33263894675444e-05
64,0.539864415507805,"SICStus-Prolog-fd",8.33263894675444e-05
64,0.539864415507805,"MZN/Cbc-free",0.0321750321750322
64,0.539864415507805,"Concrete-free",0.113045444268596
64,0.539864415507805,"HaifaCSP-free",0.135851107186524
64,0.539864415507805,"G12FD-free",8.33263894675444e-05
64,0.539864415507805,"Mistral-free",0.0262040773544364
64,0.539864415507805,"MinisatID-free",0.200601805416249
64,0.539864415507805,"Picat-SAT-free",0.0442830573022761
64,0.539864415507805,"Picat-CP-fd",8.33263894675444e-05
64,0.539864415507805,"LCG-Glucose-UC-free",0.742390497401633
64,0.539864415507805,"MZN/Gurobi-free",0.392618767177071
64,0.539864415507805,"Choco-free",8.33263894675444e-05
64,0.539864415507805,"JaCoP-fd",8.33263894675444e-05
65,0.624860945949096,"LCG-Glucose-free",0.621504039776259
65,0.624860945949096,"Chuffed-free",0.833333333333333
65,0.624860945949096,"OR-Tools-free",0.00758276588968592
65,0.624860945949096,"MZN/SCIP-free",0.0570939194975735
65,0.624860945949096,"iZplus-free",0.606428138265615
65,0.624860945949096,"MZN/CPLEX-free",0.43308791684712
65,0.624860945949096,"Gecode-free",0.00358794593683062
65,0.624860945949096,"SICStus-Prolog-fd",0.00201777254053705
65,0.624860945949096,"MZN/Cbc-free",0.0222034726231183
65,0.624860945949096,"Concrete-free",0.139899272523783
65,0.624860945949096,"HaifaCSP-free",0.331895121141719
65,0.624860945949096,"G12FD-free",0.025566293398783
65,0.624860945949096,"Mistral-free",0.493583415597236
65,0.624860945949096,"MinisatID-free",0.319795330988168
65,0.624860945949096,"Picat-SAT-free",0.0503068719187041
65,0.624860945949096,"Picat-CP-fd",8.33263894675444e-05
65,0.624860945949096,"LCG-Glucose-UC-free",0.793650793650794
65,0.624860945949096,"MZN/Gurobi-free",0.462534690101758
65,0.624860945949096,"Choco-free",0.00316834694666405
65,0.624860945949096,"JaCoP-fd",0.00200698430538273
66,0.626459380623128,"LCG-Glucose-free",0.749063670411985
66,0.626459380623128,"Chuffed-free",0.455996352029184
66,0.626459380623128,"OR-Tools-free",0.00695057446497953
66,0.626459380623128,"MZN/SCIP-free",0.0797511763298509
66,0.626459380623128,"iZplus-free",0.105008925758689
66,0.626459380623128,"MZN/CPLEX-free",0.460405156537753
66,0.626459380623128,"Gecode-free",0.00780585282845077
66,0.626459380623128,"SICStus-Prolog-fd",0.00911601958121006
66,0.626459380623128,"MZN/Cbc-free",0.126502213788741
66,0.626459380623128,"Concrete-free",0.0187448451675789
66,0.626459380623128,"HaifaCSP-free",0.157405949944908
66,0.626459380623128,"G12FD-free",0.0117104246199967
66,0.626459380623128,"Mistral-free",0.0590562806354456
66,0.626459380623128,"MinisatID-free",0.0271326242674191
66,0.626459380623128,"Picat-SAT-free",0.0311817898347365
66,0.626459380623128,"Picat-CP-fd",8.33263894675444e-05
66,0.626459380623128,"LCG-Glucose-UC-free",0.949667616334283
66,0.626459380623128,"MZN/Gurobi-free",0.413907284768212
66,0.626459380623128,"Choco-free",0.120496445354862
66,0.626459380623128,"JaCoP-fd",0.00649827470806501
67,0.65048322431043,"LCG-Glucose-free",0.00298275075239888
67,0.65048322431043,"Chuffed-free",0.0173590015102331
67,0.65048322431043,"OR-Tools-free",8.33263894675444e-05
67,0.65048322431043,"MZN/SCIP-free",0.10612331529237
67,0.65048322431043,"iZplus-free",0.0208233554755013
67,0.65048322431043,"MZN/CPLEX-free",0.549450549450549
67,0.65048322431043,"Gecode-free",8.33263894675444e-05
67,0.65048322431043,"SICStus-Prolog-fd",8.33263894675444e-05
67,0.65048322431043,"MZN/Cbc-free",0.0886996629412808
67,0.65048322431043,"Concrete-free",8.33263894675444e-05
67,0.65048322431043,"HaifaCSP-free",0.660501981505945
67,0.65048322431043,"G12FD-free",8.33263894675444e-05
67,0.65048322431043,"Mistral-free",0.219298245614035
67,0.65048322431043,"MinisatID-free",8.33263894675444e-05
67,0.65048322431043,"Picat-SAT-free",8.33263894675444e-05
67,0.65048322431043,"Picat-CP-fd",8.33263894675444e-05
67,0.65048322431043,"LCG-Glucose-UC-free",0.0429442583526582
67,0.65048322431043,"MZN/Gurobi-free",0.494071146245059
67,0.65048322431043,"Choco-free",8.33263894675444e-05
67,0.65048322431043,"JaCoP-fd",8.33263894675444e-05
68,0.662126386634813,"LCG-Glucose-free",0.623830318153462
68,0.662126386634813,"Chuffed-free",0.829875518672199
68,0.662126386634813,"OR-Tools-free",0.00235308512991383
68,0.662126386634813,"MZN/SCIP-free",0.060143140674806
68,0.662126386634813,"iZplus-free",0.590318772136954
68,0.662126386634813,"MZN/CPLEX-free",0.429737859905458
68,0.662126386634813,"Gecode-free",0.00106527243809968
68,0.662126386634813,"SICStus-Prolog-fd",8.33263894675444e-05
68,0.662126386634813,"MZN/Cbc-free",0.0746157289956723
68,0.662126386634813,"Concrete-free",0.139625802848366
68,0.662126386634813,"HaifaCSP-free",0.390472471690746
68,0.662126386634813,"G12FD-free",0.0142273820194346
68,0.662126386634813,"Mistral-free",0.233863423760524
68,0.662126386634813,"MinisatID-free",0.268889486421081
68,0.662126386634813,"Picat-SAT-free",0.0522084159966587
68,0.662126386634813,"Picat-CP-fd",8.33263894675444e-05
68,0.662126386634813,"LCG-Glucose-UC-free",0.814995925020375
68,0.662126386634813,"MZN/Gurobi-free",0.469704086425552
68,0.662126386634813,"Choco-free",0.000998673761245067
68,0.662126386634813,"JaCoP-fd",8.33263894675444e-05
69,0.862808801376575,"LCG-Glucose-free",0.786782061369001
69,0.862808801376575,"Chuffed-free",0.719424460431655
69,0.862808801376575,"OR-Tools-free",8.33263894675444e-05
69,0.862808801376575,"MZN/SCIP-free",0.0685871056241427
69,0.862808801376575,"iZplus-free",0.344708721130645
69,0.862808801376575,"MZN/CPLEX-free",0.64143681847338
69,0.862808801376575,"Gecode-free",8.33263894675444e-05
69,0.862808801376575,"SICStus-Prolog-fd",8.33263894675444e-05
69,0.862808801376575,"MZN/Cbc-free",0.0551724137931034
69,0.862808801376575,"Concrete-free",0.0026111705877745
69,0.862808801376575,"HaifaCSP-free",0.0852805730854511
69,0.862808801376575,"G12FD-free",0.00660005016038122
69,0.862808801376575,"Mistral-free",0.00362792047598317
69,0.862808801376575,"MinisatID-free",0.00262231802424071
69,0.862808801376575,"Picat-SAT-free",0.108660219493643
69,0.862808801376575,"Picat-CP-fd",8.33263894675444e-05
69,0.862808801376575,"LCG-Glucose-UC-free",0.925069380203515
69,0.862808801376575,"MZN/Gurobi-free",0.68073519400953
69,0.862808801376575,"Choco-free",8.33263894675444e-05
69,0.862808801376575,"JaCoP-fd",8.33263894675444e-05
70,0.889231319533882,"LCG-Glucose-free",0.759878419452887
70,0.889231319533882,"Chuffed-free",0.77639751552795
70,0.889231319533882,"OR-Tools-free",0.00107369752437562
70,0.889231319533882,"MZN/SCIP-free",0.425350914504466
70,0.889231319533882,"iZplus-free",0.706214689265537
70,0.889231319533882,"MZN/CPLEX-free",0.513347022587269
70,0.889231319533882,"Gecode-free",0.00216199387723334
70,0.889231319533882,"SICStus-Prolog-fd",8.33263894675444e-05
70,0.889231319533882,"MZN/Cbc-free",0.0726744186046512
70,0.889231319533882,"Concrete-free",0.00495100975844023
70,0.889231319533882,"HaifaCSP-free",0.0478285823608188
70,0.889231319533882,"G12FD-free",0.0677093912925723
70,0.889231319533882,"Mistral-free",0.00898876404494382
70,0.889231319533882,"MinisatID-free",0.0013228755610646
70,0.889231319533882,"Picat-SAT-free",0.0847457627118644
70,0.889231319533882,"Picat-CP-fd",0.00191881493989312
70,0.889231319533882,"LCG-Glucose-UC-free",0.936329588014981
70,0.889231319533882,"MZN/Gurobi-free",0.65402223675605
70,0.889231319533882,"Choco-free",8.33263894675444e-05
70,0.889231319533882,"JaCoP-fd",8.33263894675444e-05
71,0.89952046583728,"LCG-Glucose-free",0.0408580183861083
71,0.89952046583728,"Chuffed-free",8.33263894675444e-05
71,0.89952046583728,"OR-Tools-free",8.33263894675444e-05
71,0.89952046583728,"MZN/SCIP-free",0.196927924379677
71,0.89952046583728,"iZplus-free",8.33263894675444e-05
71,0.89952046583728,"MZN/CPLEX-free",0.751314800901578
71,0.89952046583728,"Gecode-free",8.33263894675444e-05
71,0.89952046583728,"SICStus-Prolog-fd",8.33263894675444e-05
71,0.89952046583728,"MZN/Cbc-free",0.151492198151795
71,0.89952046583728,"Concrete-free",8.33263894675444e-05
71,0.89952046583728,"HaifaCSP-free",0.769230769230769
71,0.89952046583728,"G12FD-free",8.33263894675444e-05
71,0.89952046583728,"Mistral-free",8.33263894675444e-05
71,0.89952046583728,"MinisatID-free",8.33263894675444e-05
71,0.89952046583728,"Picat-SAT-free",0.00424466233711108
71,0.89952046583728,"Picat-CP-fd",8.33263894675444e-05
71,0.89952046583728,"LCG-Glucose-UC-free",0.0122547517800027
71,0.89952046583728,"MZN/Gurobi-free",0.601684717208183
71,0.89952046583728,"Choco-free",8.33263894675444e-05
71,0.89952046583728,"JaCoP-fd",0.6426735218509
72,0.984499672195226,"LCG-Glucose-free",0.33311125916056
72,0.984499672195226,"Chuffed-free",0.758150113722517
72,0.984499672195226,"OR-Tools-free",8.33263894675444e-05
72,0.984499672195226,"MZN/SCIP-free",0.312207305650952
72,0.984499672195226,"iZplus-free",0.214270409256482
72,0.984499672195226,"MZN/CPLEX-free",0.664451827242525
72,0.984499672195226,"Gecode-free",8.33263894675444e-05
72,0.984499672195226,"SICStus-Prolog-fd",8.33263894675444e-05
72,0.984499672195226,"MZN/Cbc-free",0.322164948453608
72,0.984499672195226,"Concrete-free",8.33263894675444e-05
72,0.984499672195226,"HaifaCSP-free",0.0672902227306372
72,0.984499672195226,"G12FD-free",0.00858907298135312
72,0.984499672195226,"Mistral-free",8.33263894675444e-05
72,0.984499672195226,"MinisatID-free",8.33263894675444e-05
72,0.984499672195226,"Picat-SAT-free",0.0883548330093656
72,0.984499672195226,"Picat-CP-fd",8.33263894675444e-05
72,0.984499672195226,"LCG-Glucose-UC-free",0.938967136150235
72,0.984499672195226,"MZN/Gurobi-free",0.697836706210747
72,0.984499672195226,"Choco-free",8.33263894675444e-05
72,0.984499672195226,"JaCoP-fd",8.33263894675444e-05
73,0.990727087438352,"LCG-Glucose-free",0.468384074941452
73,0.990727087438352,"Chuffed-free",0.656598818122127
73,0.990727087438352,"OR-Tools-free",8.33263894675444e-05
73,0.990727087438352,"MZN/SCIP-free",0.0803987779385753
73,0.990727087438352,"iZplus-free",0.712250712250712
73,0.990727087438352,"MZN/CPLEX-free",0.680272108843537
73,0.990727087438352,"Gecode-free",8.33263894675444e-05
73,0.990727087438352,"SICStus-Prolog-fd",8.33263894675444e-05
73,0.990727087438352,"MZN/Cbc-free",0.107319167203263
73,0.990727087438352,"Concrete-free",0.134989200863931
73,0.990727087438352,"HaifaCSP-free",0.722543352601156
73,0.990727087438352,"G12FD-free",0.606428138265615
73,0.990727087438352,"Mistral-free",0.643500643500644
73,0.990727087438352,"MinisatID-free",0.0473193583495008
73,0.990727087438352,"Picat-SAT-free",0.0350152316257572
73,0.990727087438352,"Picat-CP-fd",8.33263894675444e-05
73,0.990727087438352,"LCG-Glucose-UC-free",0.0368894791205548
73,0.990727087438352,"MZN/Gurobi-free",0.720461095100865
73,0.990727087438352,"Choco-free",8.33263894675444e-05
73,0.990727087438352,"JaCoP-fd",0.351246926589392
74,1.17958406083582,"LCG-Glucose-free",0.852514919011083
74,1.17958406083582,"Chuffed-free",0.907441016333938
74,1.17958406083582,"OR-Tools-free",8.33263894675444e-05
74,1.17958406083582,"MZN/SCIP-free",0.269396551724138
74,1.17958406083582,"iZplus-free",0.629326620516048
74,1.17958406083582,"MZN/CPLEX-free",0.755287009063444
74,1.17958406083582,"Gecode-free",8.33263894675444e-05
74,1.17958406083582,"SICStus-Prolog-fd",8.33263894675444e-05
74,1.17958406083582,"MZN/Cbc-free",0.130736043927311
74,1.17958406083582,"Concrete-free",0.167926112510495
74,1.17958406083582,"HaifaCSP-free",0.900900900900901
74,1.17958406083582,"G12FD-free",0.0244828008324152
74,1.17958406083582,"Mistral-free",0.8424599831508
74,1.17958406083582,"MinisatID-free",0.415627597672485
74,1.17958406083582,"Picat-SAT-free",0.53134962805526
74,1.17958406083582,"Picat-CP-fd",8.33263894675444e-05
74,1.17958406083582,"LCG-Glucose-UC-free",0.860585197934596
74,1.17958406083582,"MZN/Gurobi-free",0.746268656716418
74,1.17958406083582,"Choco-free",0.0019324343648668
74,1.17958406083582,"JaCoP-fd",8.33263894675444e-05
75,1.37627148472581,"LCG-Glucose-free",0.850340136054422
75,1.37627148472581,"Chuffed-free",0.914913083257091
75,1.37627148472581,"OR-Tools-free",8.33263894675444e-05
75,1.37627148472581,"MZN/SCIP-free",0.409668168783286
75,1.37627148472581,"iZplus-free",0.679809653297077
75,1.37627148472581,"MZN/CPLEX-free",0.777000777000777
75,1.37627148472581,"Gecode-free",0.00152711157535303
75,1.37627148472581,"SICStus-Prolog-fd",8.33263894675444e-05
75,1.37627148472581,"MZN/Cbc-free",0.503018108651911
75,1.37627148472581,"Concrete-free",0.0285502198366927
75,1.37627148472581,"HaifaCSP-free",0.240673886883273
75,1.37627148472581,"G12FD-free",0.182083029861617
75,1.37627148472581,"Mistral-free",0.141342756183746
75,1.37627148472581,"MinisatID-free",0.174125021765628
75,1.37627148472581,"Picat-SAT-free",0.262123197903014
75,1.37627148472581,"Picat-CP-fd",8.33263894675444e-05
75,1.37627148472581,"LCG-Glucose-UC-free",0.943396226415094
75,1.37627148472581,"MZN/Gurobi-free",0.874125874125874
75,1.37627148472581,"Choco-free",8.33263894675444e-05
75,1.37627148472581,"JaCoP-fd",8.33263894675444e-05
76,1.43223181261733,"LCG-Glucose-free",0.898472596585804
76,1.43223181261733,"Chuffed-free",0.922509225092251
76,1.43223181261733,"OR-Tools-free",0.00225875890233352
76,1.43223181261733,"MZN/SCIP-free",0.257135510413988
76,1.43223181261733,"iZplus-free",0.623830318153462
76,1.43223181261733,"MZN/CPLEX-free",0.879507475813544
76,1.43223181261733,"Gecode-free",0.00410761963442185
76,1.43223181261733,"SICStus-Prolog-fd",8.33263894675444e-05
76,1.43223181261733,"MZN/Cbc-free",0.536768652710682
76,1.43223181261733,"Concrete-free",0.0529464711177
76,1.43223181261733,"HaifaCSP-free",0.171408981830648
76,1.43223181261733,"G12FD-free",0.161759948236817
76,1.43223181261733,"Mistral-free",0.118343195266272
76,1.43223181261733,"MinisatID-free",0.0923190546528803
76,1.43223181261733,"Picat-SAT-free",0.318369945877109
76,1.43223181261733,"Picat-CP-fd",0.00603114483191199
76,1.43223181261733,"LCG-Glucose-UC-free",0.947867298578199
76,1.43223181261733,"MZN/Gurobi-free",0.867302688638335
76,1.43223181261733,"Choco-free",8.33263894675444e-05
76,1.43223181261733,"JaCoP-fd",8.33263894675444e-05
77,1.49025820169971,"LCG-Glucose-free",0.670241286863271
77,1.49025820169971,"Chuffed-free",0.88809946714032
77,1.49025820169971,"OR-Tools-free",8.33263894675444e-05
77,1.49025820169971,"MZN/SCIP-free",0.707213578500707
77,1.49025820169971,"iZplus-free",0.101214574898785
77,1.49025820169971,"MZN/CPLEX-free",0.863557858376511
77,1.49025820169971,"Gecode-free",8.33263894675444e-05
77,1.49025820169971,"SICStus-Prolog-fd",8.33263894675444e-05
77,1.49025820169971,"MZN/Cbc-free",0.501002004008016
77,1.49025820169971,"Concrete-free",0.19723865877712
77,1.49025820169971,"HaifaCSP-free",0.916590284142988
77,1.49025820169971,"G12FD-free",0.887311446317657
77,1.49025820169971,"Mistral-free",0.88809946714032
77,1.49025820169971,"MinisatID-free",0.0464835215915958
77,1.49025820169971,"Picat-SAT-free",0.0773335395561055
77,1.49025820169971,"Picat-CP-fd",8.33263894675444e-05
77,1.49025820169971,"LCG-Glucose-UC-free",0.218197687104517
77,1.49025820169971,"MZN/Gurobi-free",0.841750841750842
77,1.49025820169971,"Choco-free",0.113327289211242
77,1.49025820169971,"JaCoP-fd",0.738007380073801
78,1.95253889426231,"LCG-Glucose-free",0.864304235090752
78,1.95253889426231,"Chuffed-free",0.816326530612245
78,1.95253889426231,"OR-Tools-free",0.0169678459319589
78,1.95253889426231,"MZN/SCIP-free",0.923361034164358
78,1.95253889426231,"iZplus-free",0.00201574701568654
78,1.95253889426231,"MZN/CPLEX-free",0.934579439252336
78,1.95253889426231,"Gecode-free",0.0227092085840808
78,1.95253889426231,"SICStus-Prolog-fd",0.0168225556826593
78,1.95253889426231,"MZN/Cbc-free",0.930232558139535
78,1.95253889426231,"Concrete-free",8.33263894675444e-05
78,1.95253889426231,"HaifaCSP-free",0.889679715302491
78,1.95253889426231,"G12FD-free",0.0170593152390863
78,1.95253889426231,"Mistral-free",0.0420433046037419
78,1.95253889426231,"MinisatID-free",0.734753857457752
78,1.95253889426231,"Picat-SAT-free",0.630119722747322
78,1.95253889426231,"Picat-CP-fd",0.0144807912304328
78,1.95253889426231,"LCG-Glucose-UC-free",0.866551126516464
78,1.95253889426231,"MZN/Gurobi-free",0.931966449207829
78,1.95253889426231,"Choco-free",0.0308584829969759
78,1.95253889426231,"JaCoP-fd",0.0213752858944488
79,2.37833216894467,"LCG-Glucose-free",0.956937799043062
79,2.37833216894467,"Chuffed-free",0.00121041782412871
79,2.37833216894467,"OR-Tools-free",8.33263894675444e-05
79,2.37833216894467,"MZN/SCIP-free",0.949667616334283
79,2.37833216894467,"iZplus-free",0.000917705662427478
79,2.37833216894467,"MZN/CPLEX-free",0.957854406130268
79,2.37833216894467,"Gecode-free",8.33263894675444e-05
79,2.37833216894467,"SICStus-Prolog-fd",8.33263894675444e-05
79,2.37833216894467,"MZN/Cbc-free",0.959692898272553
79,2.37833216894467,"Concrete-free",8.33263894675444e-05
79,2.37833216894467,"HaifaCSP-free",0.950570342205323
79,2.37833216894467,"G12FD-free",8.33263894675444e-05
79,2.37833216894467,"Mistral-free",8.33263894675444e-05
79,2.37833216894467,"MinisatID-free",8.33263894675444e-05
79,2.37833216894467,"Picat-SAT-free",0.173430454387791
79,2.37833216894467,"Picat-CP-fd",8.33263894675444e-05
79,2.37833216894467,"LCG-Glucose-UC-free",0.94876660341556
79,2.37833216894467,"MZN/Gurobi-free",0.955109837631328
79,2.37833216894467,"Choco-free",8.33263894675444e-05
79,2.37833216894467,"JaCoP-fd",0.715819613457409
80,2.39238357760802,"LCG-Glucose-free",0.949667616334283
80,2.39238357760802,"Chuffed-free",8.33263894675444e-05
80,2.39238357760802,"OR-Tools-free",8.33263894675444e-05
80,2.39238357760802,"MZN/SCIP-free",0.957854406130268
80,2.39238357760802,"iZplus-free",8.33263894675444e-05
80,2.39238357760802,"MZN/CPLEX-free",0.956022944550669
80,2.39238357760802,"Gecode-free",8.33263894675444e-05
80,2.39238357760802,"SICStus-Prolog-fd",8.33263894675444e-05
80,2.39238357760802,"MZN/Cbc-free",0.96061479346782
80,2.39238357760802,"Concrete-free",8.33263894675444e-05
80,2.39238357760802,"HaifaCSP-free",0.951474785918173
80,2.39238357760802,"G12FD-free",8.33263894675444e-05
80,2.39238357760802,"Mistral-free",8.33263894675444e-05
80,2.39238357760802,"MinisatID-free",8.33263894675444e-05
80,2.39238357760802,"Picat-SAT-free",8.33263894675444e-05
80,2.39238357760802,"Picat-CP-fd",8.33263894675444e-05
80,2.39238357760802,"LCG-Glucose-UC-free",0.952380952380952
80,2.39238357760802,"MZN/Gurobi-free",0.956022944550669
80,2.39238357760802,"Choco-free",8.33263894675444e-05
80,2.39238357760802,"JaCoP-fd",0.742942050520059
81,2.50044921604076,"LCG-Glucose-free",0.958772770853308
81,2.50044921604076,"Chuffed-free",0.00399453547546956
81,2.50044921604076,"OR-Tools-free",8.33263894675444e-05
81,2.50044921604076,"MZN/SCIP-free",0.954198473282443
81,2.50044921604076,"iZplus-free",0.00440503407293855
81,2.50044921604076,"MZN/CPLEX-free",0.950570342205323
81,2.50044921604076,"Gecode-free",0.00814372037721713
81,2.50044921604076,"SICStus-Prolog-fd",0.00146446762208534
81,2.50044921604076,"MZN/Cbc-free",0.96061479346782
81,2.50044921604076,"Concrete-free",8.33263894675444e-05
81,2.50044921604076,"HaifaCSP-free",0.955109837631328
81,2.50044921604076,"G12FD-free",0.00107511044072002
81,2.50044921604076,"Mistral-free",0.00141379524851693
81,2.50044921604076,"MinisatID-free",8.33263894675444e-05
81,2.50044921604076,"Picat-SAT-free",0.351864883884588
81,2.50044921604076,"Picat-CP-fd",0.00254579244154224
81,2.50044921604076,"LCG-Glucose-UC-free",0.956022944550669
81,2.50044921604076,"MZN/Gurobi-free",0.962463907603465
81,2.50044921604076,"Choco-free",0.0144858256196312
81,2.50044921604076,"JaCoP-fd",0.612369871402327
82,2.53294669221524,"LCG-Glucose-free",0.956937799043062
82,2.53294669221524,"Chuffed-free",8.33263894675444e-05
82,2.53294669221524,"OR-Tools-free",8.33263894675444e-05
82,2.53294669221524,"MZN/SCIP-free",0.951474785918173
82,2.53294669221524,"iZplus-free",8.33263894675444e-05
82,2.53294669221524,"MZN/CPLEX-free",0.957854406130268
82,2.53294669221524,"Gecode-free",8.33263894675444e-05
82,2.53294669221524,"SICStus-Prolog-fd",8.33263894675444e-05
82,2.53294669221524,"MZN/Cbc-free",0.967117988394584
82,2.53294669221524,"Concrete-free",8.33263894675444e-05
82,2.53294669221524,"HaifaCSP-free",0.965250965250965
82,2.53294669221524,"G12FD-free",8.33263894675444e-05
82,2.53294669221524,"Mistral-free",8.33263894675444e-05
82,2.53294669221524,"MinisatID-free",8.33263894675444e-05
82,2.53294669221524,"Picat-SAT-free",8.33263894675444e-05
82,2.53294669221524,"Picat-CP-fd",8.33263894675444e-05
82,2.53294669221524,"LCG-Glucose-UC-free",0.952380952380952
82,2.53294669221524,"MZN/Gurobi-free",0.961538461538461
82,2.53294669221524,"Choco-free",8.33263894675444e-05
82,2.53294669221524,"JaCoP-fd",0.664451827242525
83,2.67769638007063,"LCG-Glucose-free",0.965250965250965
83,2.67769638007063,"Chuffed-free",0.014496115041169
83,2.67769638007063,"OR-Tools-free",8.33263894675444e-05
83,2.67769638007063,"MZN/SCIP-free",0.951474785918173
83,2.67769638007063,"iZplus-free",0.00114862916851883
83,2.67769638007063,"MZN/CPLEX-free",0.955109837631328
83,2.67769638007063,"Gecode-free",0.00160861962741152
83,2.67769638007063,"SICStus-Prolog-fd",8.33263894675444e-05
83,2.67769638007063,"MZN/Cbc-free",0.954198473282443
83,2.67769638007063,"Concrete-free",8.33263894675444e-05
83,2.67769638007063,"HaifaCSP-free",0.946073793755913
83,2.67769638007063,"G12FD-free",8.33263894675444e-05
83,2.67769638007063,"Mistral-free",0.00120352729780441
83,2.67769638007063,"MinisatID-free",8.33263894675444e-05
83,2.67769638007063,"Picat-SAT-free",0.0133111480865225
83,2.67769638007063,"Picat-CP-fd",8.33263894675444e-05
83,2.67769638007063,"LCG-Glucose-UC-free",0.958772770853308
83,2.67769638007063,"MZN/Gurobi-free",0.965250965250965
83,2.67769638007063,"Choco-free",0.00784818471487545
83,2.67769638007063,"JaCoP-fd",0.796812749003984
